顧客ID,性別,年代,居住地域,流入チャネル,初回購入日,継続月数,ステータス,月額単価,累計購入金額(LTV),購入きっかけ,悩みカテゴリ,悩みの自由記述
C0001,女性,50代,都市部,自然検索,2026-06-12,6.6,解約済み,4980,32868,口コミサイトで見て,家族の健康管理,家族全員の健康を考えて、安心して続けられるものを探していました。
C0002,女性,30代,都市部,自然検索,2026-07-26,6.1,継続中,6980,42578,検索して自分で見つけた,慢性的な疲労感,仕事と育児の両立で、朝起きても疲れが取れていない感じがずっと続いています。
C0003,男性,50代,地方,SNS広告,2026-05-08,1.8,解約済み,4980,8964,広告を見て,慢性的な疲労感,年齢のせいか、以前より疲れやすくなった気がしていて悩んでいました。
C0004,女性,40代,地方,自然検索,2026-04-15,6.1,解約済み,4980,30378,検索して自分で見つけた,成分・添加物への不安,子どもも口にする可能性があるので、無添加であることを重視しています。
C0005,男性,20代,都市部,検索広告,2024-11-25,4.7,継続中,4980,23406,広告を見て,肌の調子,肌の調子が不安定で、体の内側からケアできるものを探していました。
C0006,女性,60代以上,都市部,自然検索,2025-10-09,9.3,継続中,6980,64914,口コミサイトで見て,慢性的な疲労感,年齢のせいか、以前より疲れやすくなった気がしていて悩んでいました。
C0007,男性,50代,地方,SNS広告,2026-01-22,4.1,解約済み,4980,20418,広告を見て,更年期特有の不調,更年期特有のほてりや気分の浮き沈みがあり、体調管理に不安を感じていました。
C0008,女性,50代,都市部,自然検索,2025-10-06,18.8,継続中,4980,93624,検索して自分で見つけた,家族の健康管理,家族全員の健康を考えて、安心して続けられるものを探していました。
C0009,女性,20代,都市部,SNS広告,2025-10-30,10.7,継続中,4980,53286,広告を見て,肌の調子,季節の変わり目に肌荒れしやすく、食事だけでは補いきれないと感じていました。
C0010,女性,30代,都市部,SNS広告,2026-01-03,3.5,解約済み,4980,17430,SNSで見て,慢性的な疲労感,仕事と育児の両立で、朝起きても疲れが取れていない感じがずっと続いています。
C0011,女性,30代,地方,SNS広告,2026-04-28,2.8,解約済み,6980,19544,広告を見て,慢性的な疲労感,年齢のせいか、以前より疲れやすくなった気がしていて悩んでいました。
C0012,女性,60代以上,地方,自然検索,2025-04-30,3.0,解約済み,4980,14940,検索して自分で見つけた,慢性的な疲労感,年齢のせいか、以前より疲れやすくなった気がしていて悩んでいました。
C0013,男性,40代,都市部,自然検索,2026-04-29,4.1,継続中,4980,20418,検索して自分で見つけた,慢性的な疲労感,忙しい毎日で、寝ても疲れが抜けにくくなってきました。続けやすいものを探していました。
C0014,男性,50代,都市部,検索広告,2025-02-06,3.6,解約済み,6980,25128,広告を見て,更年期特有の不調,更年期特有のほてりや気分の浮き沈みがあり、体調管理に不安を感じていました。
C0015,女性,30代,都市部,友人・家族の紹介,2026-03-14,9.5,継続中,4980,47310,友人・家族の紹介,成分・添加物への不安,子どもも口にする可能性があるので、無添加であることを重視しています。
C0016,女性,30代,都市部,検索広告,2025-03-09,3.7,継続中,4980,18426,広告を見て,成分・添加物への不安,着色料や保存料が入っていないか、購入前に必ず確認するようにしています。
C0017,女性,40代,都市部,自然検索,2025-01-16,1.2,解約済み,4980,5976,検索して自分で見つけた,更年期特有の不調,この年代特有の体の変化に、食事だけで対応するのが難しいと感じていました。
C0018,女性,20代,都市部,SNS広告,2026-05-07,8.1,継続中,4980,40338,SNSで見て,成分・添加物への不安,着色料や保存料が入っていないか、購入前に必ず確認するようにしています。
C0019,女性,50代,地方,自然検索,2026-06-03,0.8,解約済み,6980,5584,口コミサイトで見て,慢性的な疲労感,仕事と育児の両立で、朝起きても疲れが取れていない感じがずっと続いています。
C0020,女性,40代,都市部,自然検索,2024-10-07,11.6,継続中,4980,57768,検索して自分で見つけた,慢性的な疲労感,仕事と育児の両立で、朝起きても疲れが取れていない感じがずっと続いています。
C0021,女性,50代,都市部,友人・家族の紹介,2025-09-12,0.9,継続中,4980,4482,友人・家族の紹介,慢性的な疲労感,仕事と育児の両立で、朝起きても疲れが取れていない感じがずっと続いています。
C0022,女性,30代,都市部,検索広告,2025-05-18,0.9,解約済み,4980,4482,広告を見て,成分・添加物への不安,市販のサプリは成分表示が分かりにくく、添加物が気になって続けられませんでした。
C0023,男性,60代以上,地方,自然検索,2026-07-17,1.5,解約済み,6980,10470,検索して自分で見つけた,家族の健康管理,家族全員の健康を考えて、安心して続けられるものを探していました。
C0024,女性,50代,地方,自然検索,2026-01-19,2.9,継続中,4980,14442,検索して自分で見つけた,家族の健康管理,家族全員の健康を考えて、安心して続けられるものを探していました。
C0025,男性,50代,都市部,自然検索,2025-08-14,2.4,継続中,6980,16752,検索して自分で見つけた,更年期特有の不調,この年代特有の体の変化に、食事だけで対応するのが難しいと感じていました。
C0026,女性,30代,地方,SNS広告,2024-11-20,5.2,解約済み,6980,36296,SNSで見て,慢性的な疲労感,年齢のせいか、以前より疲れやすくなった気がしていて悩んでいました。
C0027,女性,40代,都市部,自然検索,2026-01-24,6.7,解約済み,4980,33366,検索して自分で見つけた,慢性的な疲労感,仕事と育児の両立で、朝起きても疲れが取れていない感じがずっと続いています。
C0028,女性,20代,都市部,SNS広告,2025-02-06,2.3,解約済み,6980,16054,SNSで見て,成分・添加物への不安,市販のサプリは成分表示が分かりにくく、添加物が気になって続けられませんでした。
C0029,女性,30代,地方,友人・家族の紹介,2025-04-26,11.4,継続中,4980,56772,友人・家族の紹介,慢性的な疲労感,年齢のせいか、以前より疲れやすくなった気がしていて悩んでいました。
C0030,女性,40代,都市部,検索広告,2026-05-14,0.2,解約済み,4980,996,検索して自分で見つけた,家族の健康管理,毎日の食事で不足しがちな栄養を、家族分まとめて補いたいと思っていました。
C0031,男性,50代,都市部,自然検索,2026-01-09,1.9,継続中,4980,9462,口コミサイトで見て,更年期特有の不調,この年代特有の体の変化に、食事だけで対応するのが難しいと感じていました。
C0032,女性,60代以上,地方,友人・家族の紹介,2026-02-17,1.1,継続中,6980,7678,友人・家族の紹介,成分・添加物への不安,子どもも口にする可能性があるので、無添加であることを重視しています。
C0033,女性,30代,都市部,検索広告,2025-09-27,9.8,継続中,4980,48804,広告を見て,慢性的な疲労感,忙しい毎日で、寝ても疲れが抜けにくくなってきました。続けやすいものを探していました。
C0034,女性,30代,地方,SNS広告,2025-05-15,4.0,解約済み,4980,19920,SNSで見て,慢性的な疲労感,年齢のせいか、以前より疲れやすくなった気がしていて悩んでいました。
C0035,女性,40代,都市部,SNS広告,2025-10-03,10.4,継続中,6980,72592,SNSで見て,家族の健康管理,毎日の食事で不足しがちな栄養を、家族分まとめて補いたいと思っていました。
C0036,女性,30代,都市部,SNS広告,2026-02-12,1.1,解約済み,4980,5478,SNSで見て,慢性的な疲労感,忙しい毎日で、寝ても疲れが抜けにくくなってきました。続けやすいものを探していました。
C0037,女性,20代,都市部,SNS広告,2025-04-02,13.7,継続中,6980,95626,広告を見て,慢性的な疲労感,仕事と育児の両立で、朝起きても疲れが取れていない感じがずっと続いています。
C0038,女性,40代,都市部,検索広告,2025-06-19,4.1,解約済み,6980,28618,広告を見て,慢性的な疲労感,忙しい毎日で、寝ても疲れが抜けにくくなってきました。続けやすいものを探していました。
C0039,女性,30代,都市部,自然検索,2025-08-04,6.2,解約済み,4980,30876,検索して自分で見つけた,更年期特有の不調,この年代特有の体の変化に、食事だけで対応するのが難しいと感じていました。
C0040,男性,40代,都市部,自然検索,2025-07-10,1.2,解約済み,4980,5976,検索して自分で見つけた,成分・添加物への不安,着色料や保存料が入っていないか、購入前に必ず確認するようにしています。
C0041,女性,30代,地方,SNS広告,2026-02-28,3.0,解約済み,4980,14940,SNSで見て,成分・添加物への不安,市販のサプリは成分表示が分かりにくく、添加物が気になって続けられませんでした。
C0042,女性,50代,都市部,自然検索,2025-04-13,3.4,解約済み,6980,23732,検索して自分で見つけた,成分・添加物への不安,着色料や保存料が入っていないか、購入前に必ず確認するようにしています。
C0043,女性,40代,都市部,SNS広告,2025-11-04,2.8,解約済み,4980,13944,SNSで見て,慢性的な疲労感,年齢のせいか、以前より疲れやすくなった気がしていて悩んでいました。
C0044,女性,30代,都市部,友人・家族の紹介,2025-11-21,18.2,継続中,4980,90636,SNSで見て,家族の健康管理,毎日の食事で不足しがちな栄養を、家族分まとめて補いたいと思っていました。
C0045,女性,50代,都市部,検索広告,2026-04-20,2.6,解約済み,4980,12948,広告を見て,慢性的な疲労感,忙しい毎日で、寝ても疲れが抜けにくくなってきました。続けやすいものを探していました。
C0046,女性,50代,都市部,自然検索,2025-06-11,1.8,継続中,4980,8964,検索して自分で見つけた,慢性的な疲労感,年齢のせいか、以前より疲れやすくなった気がしていて悩んでいました。
C0047,女性,30代,地方,SNS広告,2025-06-07,13.3,継続中,4980,66234,SNSで見て,成分・添加物への不安,市販のサプリは成分表示が分かりにくく、添加物が気になって続けられませんでした。
C0048,女性,30代,都市部,自然検索,2025-12-07,4.6,解約済み,4980,22908,検索して自分で見つけた,慢性的な疲労感,忙しい毎日で、寝ても疲れが抜けにくくなってきました。続けやすいものを探していました。
C0049,女性,40代,地方,検索広告,2024-12-09,6.5,継続中,6980,45370,検索して自分で見つけた,慢性的な疲労感,忙しい毎日で、寝ても疲れが抜けにくくなってきました。続けやすいものを探していました。
C0050,女性,20代,地方,自然検索,2024-12-19,2.4,継続中,4980,11952,口コミサイトで見て,更年期特有の不調,更年期特有のほてりや気分の浮き沈みがあり、体調管理に不安を感じていました。
C0051,女性,30代,都市部,SNS広告,2026-05-18,11.1,継続中,6980,77478,広告を見て,成分・添加物への不安,子どもも口にする可能性があるので、無添加であることを重視しています。
C0052,男性,20代,都市部,友人・家族の紹介,2025-04-03,4.8,解約済み,4980,23904,友人・家族の紹介,成分・添加物への不安,子どもも口にする可能性があるので、無添加であることを重視しています。
C0053,女性,50代,都市部,自然検索,2025-10-31,8.3,解約済み,6980,57934,検索して自分で見つけた,成分・添加物への不安,市販のサプリは成分表示が分かりにくく、添加物が気になって続けられませんでした。
C0054,女性,40代,地方,自然検索,2024-09-02,0.8,解約済み,4980,3984,検索して自分で見つけた,更年期特有の不調,更年期特有のほてりや気分の浮き沈みがあり、体調管理に不安を感じていました。
C0055,女性,40代,都市部,友人・家族の紹介,2026-02-26,2.6,継続中,4980,12948,友人・家族の紹介,慢性的な疲労感,年齢のせいか、以前より疲れやすくなった気がしていて悩んでいました。
C0056,女性,50代,地方,友人・家族の紹介,2026-01-18,6.3,解約済み,4980,31374,友人・家族の紹介,慢性的な疲労感,年齢のせいか、以前より疲れやすくなった気がしていて悩んでいました。
C0057,女性,30代,地方,SNS広告,2025-09-27,4.1,継続中,4980,20418,SNSで見て,成分・添加物への不安,子どもも口にする可能性があるので、無添加であることを重視しています。
C0058,女性,40代,地方,SNS広告,2026-01-26,4.6,解約済み,4980,22908,SNSで見て,肌の調子,肌の調子が不安定で、体の内側からケアできるものを探していました。
C0059,女性,20代,都市部,SNS広告,2025-04-05,8.0,解約済み,6980,55840,広告を見て,家族の健康管理,毎日の食事で不足しがちな栄養を、家族分まとめて補いたいと思っていました。
C0060,女性,20代,地方,SNS広告,2025-08-31,3.4,解約済み,4980,16932,SNSで見て,成分・添加物への不安,子どもも口にする可能性があるので、無添加であることを重視しています。
C0061,女性,40代,都市部,自然検索,2026-03-01,6.9,継続中,4980,34362,口コミサイトで見て,慢性的な疲労感,年齢のせいか、以前より疲れやすくなった気がしていて悩んでいました。
C0062,男性,40代,都市部,友人・家族の紹介,2025-08-13,3.7,継続中,4980,18426,友人・家族の紹介,成分・添加物への不安,子どもも口にする可能性があるので、無添加であることを重視しています。
C0063,女性,40代,都市部,友人・家族の紹介,2024-11-18,0.9,継続中,4980,4482,友人・家族の紹介,肌の調子,季節の変わり目に肌荒れしやすく、食事だけでは補いきれないと感じていました。
C0064,女性,50代,地方,自然検索,2025-01-25,7.1,継続中,4980,35358,検索して自分で見つけた,慢性的な疲労感,忙しい毎日で、寝ても疲れが抜けにくくなってきました。続けやすいものを探していました。
C0065,女性,40代,都市部,自然検索,2025-08-18,17.2,解約済み,4980,85656,検索して自分で見つけた,成分・添加物への不安,市販のサプリは成分表示が分かりにくく、添加物が気になって続けられませんでした。
C0066,女性,40代,地方,友人・家族の紹介,2026-01-13,9.8,継続中,4980,48804,友人・家族の紹介,慢性的な疲労感,仕事と育児の両立で、朝起きても疲れが取れていない感じがずっと続いています。
C0067,女性,40代,都市部,友人・家族の紹介,2026-03-30,7.7,解約済み,6980,53746,友人・家族の紹介,更年期特有の不調,この年代特有の体の変化に、食事だけで対応するのが難しいと感じていました。
C0068,男性,30代,地方,SNS広告,2024-11-26,8.1,解約済み,4980,40338,SNSで見て,更年期特有の不調,この年代特有の体の変化に、食事だけで対応するのが難しいと感じていました。
C0069,女性,20代,都市部,SNS広告,2025-03-23,12.5,継続中,4980,62250,広告を見て,成分・添加物への不安,市販のサプリは成分表示が分かりにくく、添加物が気になって続けられませんでした。
C0070,女性,30代,都市部,友人・家族の紹介,2025-06-28,10.9,継続中,4980,54282,友人・家族の紹介,家族の健康管理,家族全員の健康を考えて、安心して続けられるものを探していました。
C0071,女性,30代,地方,SNS広告,2024-11-25,13.3,継続中,4980,66234,SNSで見て,家族の健康管理,家族全員の健康を考えて、安心して続けられるものを探していました。
C0072,女性,30代,都市部,SNS広告,2026-05-09,12.9,継続中,4980,64242,SNSで見て,慢性的な疲労感,仕事と育児の両立で、朝起きても疲れが取れていない感じがずっと続いています。
C0073,男性,50代,都市部,友人・家族の紹介,2025-04-12,14.9,継続中,6980,104002,SNSで見て,成分・添加物への不安,着色料や保存料が入っていないか、購入前に必ず確認するようにしています。
C0074,女性,30代,地方,友人・家族の紹介,2026-03-04,8.3,解約済み,4980,41334,友人・家族の紹介,成分・添加物への不安,着色料や保存料が入っていないか、購入前に必ず確認するようにしています。
C0075,女性,20代,都市部,友人・家族の紹介,2026-05-10,4.2,解約済み,4980,20916,友人・家族の紹介,慢性的な疲労感,忙しい毎日で、寝ても疲れが抜けにくくなってきました。続けやすいものを探していました。
C0076,女性,30代,都市部,自然検索,2025-09-11,9.3,解約済み,4980,46314,検索して自分で見つけた,慢性的な疲労感,忙しい毎日で、寝ても疲れが抜けにくくなってきました。続けやすいものを探していました。
C0077,男性,30代,都市部,SNS広告,2025-11-04,15.0,解約済み,4980,74700,SNSで見て,慢性的な疲労感,忙しい毎日で、寝ても疲れが抜けにくくなってきました。続けやすいものを探していました。
C0078,女性,40代,都市部,検索広告,2024-10-13,8.5,解約済み,6980,59330,広告を見て,家族の健康管理,毎日の食事で不足しがちな栄養を、家族分まとめて補いたいと思っていました。
C0079,女性,40代,地方,自然検索,2025-12-19,14.6,解約済み,4980,72708,検索して自分で見つけた,成分・添加物への不安,市販のサプリは成分表示が分かりにくく、添加物が気になって続けられませんでした。
C0080,女性,50代,地方,自然検索,2025-01-09,7.8,解約済み,4980,38844,口コミサイトで見て,更年期特有の不調,更年期特有のほてりや気分の浮き沈みがあり、体調管理に不安を感じていました。
C0081,女性,40代,都市部,自然検索,2025-02-24,3.3,解約済み,6980,23034,検索して自分で見つけた,成分・添加物への不安,着色料や保存料が入っていないか、購入前に必ず確認するようにしています。
C0082,女性,30代,都市部,自然検索,2025-04-22,7.4,解約済み,4980,36852,検索して自分で見つけた,慢性的な疲労感,忙しい毎日で、寝ても疲れが抜けにくくなってきました。続けやすいものを探していました。
C0083,女性,50代,都市部,自然検索,2024-10-27,4.6,解約済み,6980,32108,検索して自分で見つけた,家族の健康管理,毎日の食事で不足しがちな栄養を、家族分まとめて補いたいと思っていました。
C0084,女性,30代,地方,自然検索,2025-10-21,6.3,解約済み,4980,31374,検索して自分で見つけた,慢性的な疲労感,年齢のせいか、以前より疲れやすくなった気がしていて悩んでいました。
C0085,女性,20代,地方,SNS広告,2025-11-03,7.5,解約済み,6980,52350,SNSで見て,慢性的な疲労感,忙しい毎日で、寝ても疲れが抜けにくくなってきました。続けやすいものを探していました。
C0086,女性,20代,地方,SNS広告,2026-04-12,4.2,解約済み,4980,20916,SNSで見て,成分・添加物への不安,市販のサプリは成分表示が分かりにくく、添加物が気になって続けられませんでした。
C0087,女性,50代,都市部,SNS広告,2026-01-21,4.6,解約済み,4980,22908,SNSで見て,更年期特有の不調,更年期特有のほてりや気分の浮き沈みがあり、体調管理に不安を感じていました。
C0088,男性,40代,都市部,SNS広告,2024-11-25,22.0,継続中,4980,109560,SNSで見て,慢性的な疲労感,忙しい毎日で、寝ても疲れが抜けにくくなってきました。続けやすいものを探していました。
C0089,女性,30代,都市部,友人・家族の紹介,2025-09-04,8.7,解約済み,4980,43326,友人・家族の紹介,慢性的な疲労感,忙しい毎日で、寝ても疲れが抜けにくくなってきました。続けやすいものを探していました。
C0090,女性,40代,都市部,検索広告,2025-12-07,7.9,解約済み,4980,39342,検索して自分で見つけた,慢性的な疲労感,忙しい毎日で、寝ても疲れが抜けにくくなってきました。続けやすいものを探していました。
C0091,女性,30代,都市部,SNS広告,2026-03-04,16.3,解約済み,4980,81174,SNSで見て,慢性的な疲労感,仕事と育児の両立で、朝起きても疲れが取れていない感じがずっと続いています。
C0092,男性,40代,地方,自然検索,2025-08-28,6.5,継続中,4980,32370,検索して自分で見つけた,慢性的な疲労感,年齢のせいか、以前より疲れやすくなった気がしていて悩んでいました。
C0093,女性,30代,都市部,検索広告,2025-03-19,4.0,解約済み,6980,27920,検索して自分で見つけた,成分・添加物への不安,着色料や保存料が入っていないか、購入前に必ず確認するようにしています。
C0094,女性,30代,都市部,SNS広告,2026-01-14,3.5,解約済み,6980,24430,広告を見て,慢性的な疲労感,忙しい毎日で、寝ても疲れが抜けにくくなってきました。続けやすいものを探していました。
C0095,男性,30代,都市部,SNS広告,2025-02-18,1.5,解約済み,4980,7470,SNSで見て,慢性的な疲労感,仕事と育児の両立で、朝起きても疲れが取れていない感じがずっと続いています。
C0096,女性,40代,都市部,SNS広告,2025-05-19,10.5,解約済み,6980,73290,広告を見て,肌の調子,季節の変わり目に肌荒れしやすく、食事だけでは補いきれないと感じていました。
C0097,女性,30代,都市部,自然検索,2025-01-28,8.4,解約済み,4980,41832,検索して自分で見つけた,肌の調子,季節の変わり目に肌荒れしやすく、食事だけでは補いきれないと感じていました。
C0098,女性,20代,都市部,SNS広告,2026-02-08,8.7,解約済み,4980,43326,SNSで見て,成分・添加物への不安,市販のサプリは成分表示が分かりにくく、添加物が気になって続けられませんでした。
C0099,女性,20代,地方,SNS広告,2025-05-18,3.3,継続中,6980,23034,広告を見て,成分・添加物への不安,市販のサプリは成分表示が分かりにくく、添加物が気になって続けられませんでした。
C0100,女性,60代以上,都市部,SNS広告,2026-04-17,16.2,解約済み,4980,80676,広告を見て,成分・添加物への不安,着色料や保存料が入っていないか、購入前に必ず確認するようにしています。
C0101,女性,60代以上,都市部,自然検索,2025-11-21,4.8,継続中,4980,23904,検索して自分で見つけた,家族の健康管理,家族全員の健康を考えて、安心して続けられるものを探していました。
C0102,女性,40代,都市部,SNS広告,2025-03-13,6.1,解約済み,4980,30378,SNSで見て,慢性的な疲労感,年齢のせいか、以前より疲れやすくなった気がしていて悩んでいました。
C0103,女性,30代,地方,友人・家族の紹介,2025-05-17,0.9,解約済み,4980,4482,友人・家族の紹介,慢性的な疲労感,年齢のせいか、以前より疲れやすくなった気がしていて悩んでいました。
C0104,男性,60代以上,都市部,検索広告,2026-03-24,1.2,解約済み,6980,8376,広告を見て,更年期特有の不調,この年代特有の体の変化に、食事だけで対応するのが難しいと感じていました。
C0105,女性,50代,地方,自然検索,2024-12-10,7.5,継続中,4980,37350,口コミサイトで見て,慢性的な疲労感,忙しい毎日で、寝ても疲れが抜けにくくなってきました。続けやすいものを探していました。
C0106,女性,40代,地方,検索広告,2026-06-26,10.0,継続中,4980,49800,広告を見て,慢性的な疲労感,忙しい毎日で、寝ても疲れが抜けにくくなってきました。続けやすいものを探していました。
C0107,女性,30代,地方,SNS広告,2025-06-12,7.8,解約済み,4980,38844,SNSで見て,慢性的な疲労感,忙しい毎日で、寝ても疲れが抜けにくくなってきました。続けやすいものを探していました。
C0108,女性,30代,地方,SNS広告,2024-09-13,22.1,継続中,4980,110058,SNSで見て,成分・添加物への不安,着色料や保存料が入っていないか、購入前に必ず確認するようにしています。
C0109,女性,20代,都市部,自然検索,2025-07-26,1.6,継続中,4980,7968,検索して自分で見つけた,肌の調子,季節の変わり目に肌荒れしやすく、食事だけでは補いきれないと感じていました。
C0110,女性,60代以上,地方,友人・家族の紹介,2025-01-19,8.6,解約済み,6980,60028,友人・家族の紹介,家族の健康管理,家族全員の健康を考えて、安心して続けられるものを探していました。
C0111,男性,30代,都市部,SNS広告,2025-06-12,10.6,継続中,4980,52788,広告を見て,肌の調子,季節の変わり目に肌荒れしやすく、食事だけでは補いきれないと感じていました。
C0112,女性,30代,地方,SNS広告,2025-01-31,11.9,解約済み,6980,83062,SNSで見て,慢性的な疲労感,仕事と育児の両立で、朝起きても疲れが取れていない感じがずっと続いています。
C0113,女性,30代,都市部,友人・家族の紹介,2025-05-01,10.5,継続中,4980,52290,友人・家族の紹介,家族の健康管理,家族全員の健康を考えて、安心して続けられるものを探していました。
C0114,男性,40代,都市部,自然検索,2025-04-06,7.2,継続中,6980,50256,検索して自分で見つけた,更年期特有の不調,この年代特有の体の変化に、食事だけで対応するのが難しいと感じていました。
C0115,女性,30代,都市部,SNS広告,2026-02-24,3.2,継続中,4980,15936,SNSで見て,更年期特有の不調,この年代特有の体の変化に、食事だけで対応するのが難しいと感じていました。
C0116,女性,50代,地方,検索広告,2025-03-01,6.2,解約済み,4980,30876,広告を見て,更年期特有の不調,この年代特有の体の変化に、食事だけで対応するのが難しいと感じていました。
C0117,女性,50代,都市部,自然検索,2026-02-17,8.1,継続中,4980,40338,検索して自分で見つけた,成分・添加物への不安,着色料や保存料が入っていないか、購入前に必ず確認するようにしています。
C0118,女性,40代,都市部,自然検索,2024-09-15,7.0,解約済み,4980,34860,検索して自分で見つけた,慢性的な疲労感,忙しい毎日で、寝ても疲れが抜けにくくなってきました。続けやすいものを探していました。
C0119,女性,30代,地方,検索広告,2026-02-24,9.1,継続中,6980,63518,広告を見て,成分・添加物への不安,市販のサプリは成分表示が分かりにくく、添加物が気になって続けられませんでした。
C0120,男性,40代,地方,友人・家族の紹介,2026-02-18,21.2,継続中,4980,105576,SNSで見て,慢性的な疲労感,仕事と育児の両立で、朝起きても疲れが取れていない感じがずっと続いています。
C0121,女性,40代,都市部,検索広告,2024-12-09,5.9,継続中,6980,41182,広告を見て,成分・添加物への不安,子どもも口にする可能性があるので、無添加であることを重視しています。
C0122,女性,40代,都市部,検索広告,2026-02-13,14.2,継続中,4980,70716,広告を見て,慢性的な疲労感,忙しい毎日で、寝ても疲れが抜けにくくなってきました。続けやすいものを探していました。
C0123,女性,20代,都市部,SNS広告,2025-11-23,8.3,解約済み,4980,41334,SNSで見て,慢性的な疲労感,忙しい毎日で、寝ても疲れが抜けにくくなってきました。続けやすいものを探していました。
C0124,男性,30代,地方,SNS広告,2025-03-20,3.7,継続中,4980,18426,SNSで見て,家族の健康管理,家族全員の健康を考えて、安心して続けられるものを探していました。
C0125,女性,20代,都市部,SNS広告,2026-04-13,6.2,解約済み,4980,30876,広告を見て,肌の調子,肌の調子が不安定で、体の内側からケアできるものを探していました。
C0126,女性,40代,地方,SNS広告,2026-04-13,13.6,継続中,4980,67728,SNSで見て,成分・添加物への不安,子どもも口にする可能性があるので、無添加であることを重視しています。
C0127,女性,30代,都市部,SNS広告,2025-08-27,19.0,継続中,4980,94620,SNSで見て,慢性的な疲労感,忙しい毎日で、寝ても疲れが抜けにくくなってきました。続けやすいものを探していました。
C0128,女性,30代,都市部,自然検索,2026-02-13,7.3,継続中,6980,50954,検索して自分で見つけた,成分・添加物への不安,着色料や保存料が入っていないか、購入前に必ず確認するようにしています。
C0129,女性,20代,都市部,SNS広告,2026-02-19,2.3,継続中,4980,11454,広告を見て,家族の健康管理,毎日の食事で不足しがちな栄養を、家族分まとめて補いたいと思っていました。
C0130,女性,40代,都市部,検索広告,2026-07-27,3.2,解約済み,4980,15936,広告を見て,肌の調子,肌の調子が不安定で、体の内側からケアできるものを探していました。
C0131,女性,30代,地方,自然検索,2025-11-16,1.8,解約済み,4980,8964,検索して自分で見つけた,成分・添加物への不安,市販のサプリは成分表示が分かりにくく、添加物が気になって続けられませんでした。
C0132,女性,60代以上,都市部,自然検索,2025-12-23,5.9,継続中,4980,29382,検索して自分で見つけた,更年期特有の不調,この年代特有の体の変化に、食事だけで対応するのが難しいと感じていました。
C0133,女性,40代,都市部,自然検索,2026-07-12,3.9,解約済み,4980,19422,検索して自分で見つけた,慢性的な疲労感,忙しい毎日で、寝ても疲れが抜けにくくなってきました。続けやすいものを探していました。
C0134,女性,30代,地方,友人・家族の紹介,2025-05-25,5.1,解約済み,4980,25398,SNSで見て,成分・添加物への不安,子どもも口にする可能性があるので、無添加であることを重視しています。
C0135,女性,40代,地方,自然検索,2025-05-21,10.3,解約済み,4980,51294,検索して自分で見つけた,家族の健康管理,家族全員の健康を考えて、安心して続けられるものを探していました。
C0136,女性,20代,地方,SNS広告,2026-06-14,14.6,解約済み,4980,72708,SNSで見て,成分・添加物への不安,市販のサプリは成分表示が分かりにくく、添加物が気になって続けられませんでした。
C0137,女性,60代以上,都市部,自然検索,2025-12-24,1.9,解約済み,4980,9462,検索して自分で見つけた,更年期特有の不調,更年期特有のほてりや気分の浮き沈みがあり、体調管理に不安を感じていました。
C0138,女性,40代,地方,自然検索,2024-11-30,6.4,解約済み,4980,31872,口コミサイトで見て,成分・添加物への不安,着色料や保存料が入っていないか、購入前に必ず確認するようにしています。
C0139,女性,50代,地方,検索広告,2025-06-21,2.2,解約済み,4980,10956,広告を見て,肌の調子,季節の変わり目に肌荒れしやすく、食事だけでは補いきれないと感じていました。
C0140,女性,20代,都市部,SNS広告,2025-10-18,13.1,継続中,4980,65238,SNSで見て,家族の健康管理,家族全員の健康を考えて、安心して続けられるものを探していました。
C0141,女性,40代,都市部,SNS広告,2025-09-11,6.4,解約済み,4980,31872,広告を見て,更年期特有の不調,更年期特有のほてりや気分の浮き沈みがあり、体調管理に不安を感じていました。
C0142,女性,40代,地方,検索広告,2026-03-10,1.6,継続中,4980,7968,広告を見て,成分・添加物への不安,市販のサプリは成分表示が分かりにくく、添加物が気になって続けられませんでした。
C0143,男性,60代以上,都市部,自然検索,2025-01-11,3.3,解約済み,6980,23034,口コミサイトで見て,更年期特有の不調,更年期特有のほてりや気分の浮き沈みがあり、体調管理に不安を感じていました。
C0144,女性,40代,都市部,SNS広告,2024-11-01,15.0,解約済み,4980,74700,広告を見て,成分・添加物への不安,着色料や保存料が入っていないか、購入前に必ず確認するようにしています。
C0145,女性,40代,地方,友人・家族の紹介,2024-11-03,7.0,継続中,4980,34860,友人・家族の紹介,慢性的な疲労感,忙しい毎日で、寝ても疲れが抜けにくくなってきました。続けやすいものを探していました。
C0146,女性,30代,地方,友人・家族の紹介,2026-02-27,5.6,解約済み,4980,27888,友人・家族の紹介,成分・添加物への不安,着色料や保存料が入っていないか、購入前に必ず確認するようにしています。
C0147,女性,30代,都市部,SNS広告,2025-12-28,7.0,解約済み,4980,34860,SNSで見て,更年期特有の不調,更年期特有のほてりや気分の浮き沈みがあり、体調管理に不安を感じていました。
C0148,女性,40代,都市部,友人・家族の紹介,2026-04-12,3.6,継続中,4980,17928,友人・家族の紹介,肌の調子,肌の調子が不安定で、体の内側からケアできるものを探していました。
C0149,女性,30代,都市部,SNS広告,2025-12-30,6.6,解約済み,6980,46068,SNSで見て,慢性的な疲労感,仕事と育児の両立で、朝起きても疲れが取れていない感じがずっと続いています。
C0150,女性,20代,都市部,友人・家族の紹介,2025-12-13,4.4,解約済み,6980,30712,SNSで見て,肌の調子,肌の調子が不安定で、体の内側からケアできるものを探していました。
C0151,女性,50代,地方,友人・家族の紹介,2025-05-16,24.0,解約済み,4980,119520,友人・家族の紹介,更年期特有の不調,この年代特有の体の変化に、食事だけで対応するのが難しいと感じていました。
C0152,女性,50代,地方,SNS広告,2026-03-23,0.7,継続中,4980,3486,SNSで見て,成分・添加物への不安,子どもも口にする可能性があるので、無添加であることを重視しています。
C0153,女性,30代,都市部,自然検索,2024-10-28,3.0,解約済み,4980,14940,検索して自分で見つけた,成分・添加物への不安,子どもも口にする可能性があるので、無添加であることを重視しています。
C0154,女性,40代,都市部,友人・家族の紹介,2026-05-22,5.1,解約済み,4980,25398,友人・家族の紹介,肌の調子,肌の調子が不安定で、体の内側からケアできるものを探していました。
C0155,女性,20代,地方,友人・家族の紹介,2026-07-29,2.9,継続中,4980,14442,友人・家族の紹介,更年期特有の不調,更年期特有のほてりや気分の浮き沈みがあり、体調管理に不安を感じていました。
C0156,女性,40代,都市部,友人・家族の紹介,2024-12-12,11.6,継続中,4980,57768,SNSで見て,慢性的な疲労感,忙しい毎日で、寝ても疲れが抜けにくくなってきました。続けやすいものを探していました。
C0157,女性,30代,都市部,検索広告,2025-03-28,2.5,継続中,4980,12450,広告を見て,慢性的な疲労感,仕事と育児の両立で、朝起きても疲れが取れていない感じがずっと続いています。
C0158,男性,40代,都市部,SNS広告,2025-11-27,1.7,継続中,4980,8466,SNSで見て,成分・添加物への不安,着色料や保存料が入っていないか、購入前に必ず確認するようにしています。
C0159,女性,50代,地方,友人・家族の紹介,2025-06-12,7.8,解約済み,4980,38844,友人・家族の紹介,慢性的な疲労感,忙しい毎日で、寝ても疲れが抜けにくくなってきました。続けやすいものを探していました。
C0160,女性,50代,都市部,自然検索,2026-02-27,3.4,解約済み,4980,16932,検索して自分で見つけた,肌の調子,季節の変わり目に肌荒れしやすく、食事だけでは補いきれないと感じていました。
C0161,女性,20代,地方,検索広告,2026-04-07,1.2,解約済み,4980,5976,検索して自分で見つけた,肌の調子,季節の変わり目に肌荒れしやすく、食事だけでは補いきれないと感じていました。
C0162,女性,60代以上,都市部,自然検索,2025-09-07,8.6,解約済み,4980,42828,検索して自分で見つけた,慢性的な疲労感,年齢のせいか、以前より疲れやすくなった気がしていて悩んでいました。
C0163,女性,30代,地方,検索広告,2025-11-28,6.5,継続中,4980,32370,広告を見て,成分・添加物への不安,着色料や保存料が入っていないか、購入前に必ず確認するようにしています。
C0164,女性,20代,都市部,SNS広告,2025-05-29,6.6,継続中,4980,32868,SNSで見て,家族の健康管理,毎日の食事で不足しがちな栄養を、家族分まとめて補いたいと思っていました。
C0165,男性,40代,都市部,自然検索,2026-03-03,7.8,継続中,4980,38844,検索して自分で見つけた,成分・添加物への不安,着色料や保存料が入っていないか、購入前に必ず確認するようにしています。
C0166,女性,30代,都市部,SNS広告,2025-04-25,10.5,継続中,4980,52290,SNSで見て,成分・添加物への不安,着色料や保存料が入っていないか、購入前に必ず確認するようにしています。
C0167,女性,50代,都市部,自然検索,2025-02-12,3.5,解約済み,4980,17430,口コミサイトで見て,更年期特有の不調,更年期特有のほてりや気分の浮き沈みがあり、体調管理に不安を感じていました。
C0168,女性,50代,都市部,友人・家族の紹介,2026-04-08,3.9,継続中,4980,19422,SNSで見て,慢性的な疲労感,忙しい毎日で、寝ても疲れが抜けにくくなってきました。続けやすいものを探していました。
C0169,女性,30代,都市部,検索広告,2026-07-03,5.1,継続中,4980,25398,広告を見て,慢性的な疲労感,年齢のせいか、以前より疲れやすくなった気がしていて悩んでいました。
C0170,女性,60代以上,都市部,自然検索,2025-09-29,2.8,継続中,4980,13944,検索して自分で見つけた,家族の健康管理,家族全員の健康を考えて、安心して続けられるものを探していました。
C0171,女性,30代,都市部,SNS広告,2025-02-07,1.0,解約済み,6980,6980,SNSで見て,慢性的な疲労感,仕事と育児の両立で、朝起きても疲れが取れていない感じがずっと続いています。
C0172,女性,40代,地方,友人・家族の紹介,2025-05-04,3.3,解約済み,4980,16434,友人・家族の紹介,慢性的な疲労感,忙しい毎日で、寝ても疲れが抜けにくくなってきました。続けやすいものを探していました。
C0173,女性,30代,都市部,自然検索,2025-03-29,4.6,解約済み,6980,32108,検索して自分で見つけた,慢性的な疲労感,忙しい毎日で、寝ても疲れが抜けにくくなってきました。続けやすいものを探していました。
C0174,女性,60代以上,地方,自然検索,2025-10-25,6.5,解約済み,4980,32370,検索して自分で見つけた,家族の健康管理,家族全員の健康を考えて、安心して続けられるものを探していました。
C0175,女性,30代,地方,SNS広告,2026-02-19,8.4,解約済み,4980,41832,SNSで見て,慢性的な疲労感,仕事と育児の両立で、朝起きても疲れが取れていない感じがずっと続いています。
C0176,女性,20代,都市部,SNS広告,2025-07-26,2.3,継続中,4980,11454,SNSで見て,肌の調子,肌の調子が不安定で、体の内側からケアできるものを探していました。
C0177,女性,30代,地方,検索広告,2026-03-12,1.7,解約済み,4980,8466,広告を見て,慢性的な疲労感,仕事と育児の両立で、朝起きても疲れが取れていない感じがずっと続いています。
C0178,女性,60代以上,地方,友人・家族の紹介,2025-03-12,13.9,継続中,4980,69222,友人・家族の紹介,更年期特有の不調,更年期特有のほてりや気分の浮き沈みがあり、体調管理に不安を感じていました。
C0179,女性,50代,地方,自然検索,2026-03-18,3.6,解約済み,4980,17928,検索して自分で見つけた,慢性的な疲労感,仕事と育児の両立で、朝起きても疲れが取れていない感じがずっと続いています。
C0180,女性,50代,都市部,検索広告,2026-01-11,0.0,解約済み,4980,0,広告を見て,慢性的な疲労感,忙しい毎日で、寝ても疲れが抜けにくくなってきました。続けやすいものを探していました。
C0181,女性,50代,都市部,友人・家族の紹介,2025-08-13,6.5,解約済み,4980,32370,友人・家族の紹介,更年期特有の不調,更年期特有のほてりや気分の浮き沈みがあり、体調管理に不安を感じていました。
C0182,男性,50代,都市部,自然検索,2025-08-27,6.9,継続中,4980,34362,口コミサイトで見て,更年期特有の不調,更年期特有のほてりや気分の浮き沈みがあり、体調管理に不安を感じていました。
C0183,女性,40代,都市部,友人・家族の紹介,2025-06-08,2.9,解約済み,4980,14442,友人・家族の紹介,慢性的な疲労感,仕事と育児の両立で、朝起きても疲れが取れていない感じがずっと続いています。
C0184,女性,30代,地方,SNS広告,2025-09-30,7.9,解約済み,4980,39342,SNSで見て,成分・添加物への不安,市販のサプリは成分表示が分かりにくく、添加物が気になって続けられませんでした。
C0185,男性,50代,地方,自然検索,2024-10-28,4.7,解約済み,4980,23406,検索して自分で見つけた,肌の調子,肌の調子が不安定で、体の内側からケアできるものを探していました。
C0186,女性,40代,都市部,友人・家族の紹介,2024-12-23,3.1,解約済み,4980,15438,友人・家族の紹介,慢性的な疲労感,年齢のせいか、以前より疲れやすくなった気がしていて悩んでいました。
C0187,女性,30代,地方,SNS広告,2024-11-25,17.8,継続中,4980,88644,SNSで見て,成分・添加物への不安,市販のサプリは成分表示が分かりにくく、添加物が気になって続けられませんでした。
C0188,女性,20代,都市部,検索広告,2025-05-19,2.4,継続中,4980,11952,広告を見て,慢性的な疲労感,忙しい毎日で、寝ても疲れが抜けにくくなってきました。続けやすいものを探していました。
C0189,女性,50代,地方,友人・家族の紹介,2025-05-15,5.2,解約済み,4980,25896,友人・家族の紹介,更年期特有の不調,この年代特有の体の変化に、食事だけで対応するのが難しいと感じていました。
C0190,女性,30代,都市部,SNS広告,2025-06-02,6.6,解約済み,4980,32868,SNSで見て,慢性的な疲労感,年齢のせいか、以前より疲れやすくなった気がしていて悩んでいました。
C0191,女性,60代以上,地方,検索広告,2025-10-02,0.5,解約済み,4980,2490,広告を見て,更年期特有の不調,この年代特有の体の変化に、食事だけで対応するのが難しいと感じていました。
C0192,女性,30代,地方,自然検索,2025-12-20,1.8,解約済み,4980,8964,口コミサイトで見て,慢性的な疲労感,忙しい毎日で、寝ても疲れが抜けにくくなってきました。続けやすいものを探していました。
C0193,女性,20代,都市部,SNS広告,2025-06-14,3.4,解約済み,4980,16932,SNSで見て,肌の調子,季節の変わり目に肌荒れしやすく、食事だけでは補いきれないと感じていました。
C0194,女性,50代,都市部,SNS広告,2026-07-16,3.9,解約済み,4980,19422,SNSで見て,肌の調子,季節の変わり目に肌荒れしやすく、食事だけでは補いきれないと感じていました。
C0195,女性,30代,地方,検索広告,2026-07-28,3.8,解約済み,4980,18924,広告を見て,家族の健康管理,家族全員の健康を考えて、安心して続けられるものを探していました。
C0196,女性,30代,都市部,自然検索,2024-12-14,15.7,継続中,6980,109586,検索して自分で見つけた,成分・添加物への不安,子どもも口にする可能性があるので、無添加であることを重視しています。
C0197,女性,40代,都市部,SNS広告,2026-07-01,10.6,継続中,6980,73988,SNSで見て,更年期特有の不調,更年期特有のほてりや気分の浮き沈みがあり、体調管理に不安を感じていました。
C0198,女性,50代,地方,検索広告,2025-07-31,0.4,解約済み,4980,1992,広告を見て,慢性的な疲労感,仕事と育児の両立で、朝起きても疲れが取れていない感じがずっと続いています。
C0199,女性,30代,都市部,友人・家族の紹介,2025-05-29,20.1,継続中,4980,100098,友人・家族の紹介,慢性的な疲労感,忙しい毎日で、寝ても疲れが抜けにくくなってきました。続けやすいものを探していました。
C0200,女性,30代,都市部,検索広告,2026-03-17,3.1,解約済み,4980,15438,広告を見て,慢性的な疲労感,年齢のせいか、以前より疲れやすくなった気がしていて悩んでいました。
C0201,女性,50代,都市部,友人・家族の紹介,2024-11-13,12.0,解約済み,6980,83760,友人・家族の紹介,肌の調子,肌の調子が不安定で、体の内側からケアできるものを探していました。
C0202,女性,60代以上,都市部,自然検索,2026-03-22,2.4,継続中,4980,11952,検索して自分で見つけた,家族の健康管理,家族全員の健康を考えて、安心して続けられるものを探していました。
C0203,男性,40代,地方,友人・家族の紹介,2024-11-21,9.1,解約済み,4980,45318,友人・家族の紹介,更年期特有の不調,この年代特有の体の変化に、食事だけで対応するのが難しいと感じていました。
C0204,女性,30代,都市部,自然検索,2025-02-14,2.1,解約済み,4980,10458,検索して自分で見つけた,成分・添加物への不安,着色料や保存料が入っていないか、購入前に必ず確認するようにしています。
C0205,女性,20代,都市部,SNS広告,2026-02-15,6.4,解約済み,4980,31872,SNSで見て,肌の調子,肌の調子が不安定で、体の内側からケアできるものを探していました。
C0206,女性,30代,都市部,友人・家族の紹介,2026-04-19,16.9,継続中,4980,84162,SNSで見て,慢性的な疲労感,年齢のせいか、以前より疲れやすくなった気がしていて悩んでいました。
C0207,女性,20代,地方,SNS広告,2025-12-24,1.0,解約済み,6980,6980,広告を見て,慢性的な疲労感,忙しい毎日で、寝ても疲れが抜けにくくなってきました。続けやすいものを探していました。
C0208,女性,40代,都市部,SNS広告,2025-10-28,12.4,継続中,6980,86552,SNSで見て,更年期特有の不調,更年期特有のほてりや気分の浮き沈みがあり、体調管理に不安を感じていました。
C0209,女性,20代,地方,SNS広告,2026-02-11,2.8,解約済み,4980,13944,SNSで見て,慢性的な疲労感,仕事と育児の両立で、朝起きても疲れが取れていない感じがずっと続いています。
C0210,男性,40代,地方,自然検索,2024-09-02,16.6,継続中,4980,82668,検索して自分で見つけた,慢性的な疲労感,忙しい毎日で、寝ても疲れが抜けにくくなってきました。続けやすいものを探していました。
C0211,女性,40代,地方,SNS広告,2026-02-23,11.5,解約済み,4980,57270,SNSで見て,家族の健康管理,家族全員の健康を考えて、安心して続けられるものを探していました。
C0212,女性,40代,地方,SNS広告,2024-12-29,10.1,解約済み,4980,50298,SNSで見て,家族の健康管理,家族全員の健康を考えて、安心して続けられるものを探していました。
C0213,男性,30代,地方,SNS広告,2026-04-13,6.6,継続中,4980,32868,SNSで見て,成分・添加物への不安,市販のサプリは成分表示が分かりにくく、添加物が気になって続けられませんでした。
C0214,女性,50代,地方,自然検索,2024-09-15,19.8,継続中,4980,98604,検索して自分で見つけた,成分・添加物への不安,市販のサプリは成分表示が分かりにくく、添加物が気になって続けられませんでした。
C0215,女性,40代,都市部,検索広告,2026-02-26,2.6,解約済み,6980,18148,検索して自分で見つけた,更年期特有の不調,この年代特有の体の変化に、食事だけで対応するのが難しいと感じていました。
C0216,男性,50代,地方,自然検索,2025-10-11,1.7,解約済み,6980,11866,検索して自分で見つけた,慢性的な疲労感,仕事と育児の両立で、朝起きても疲れが取れていない感じがずっと続いています。
C0217,男性,20代,都市部,SNS広告,2025-07-08,2.9,解約済み,4980,14442,SNSで見て,成分・添加物への不安,子どもも口にする可能性があるので、無添加であることを重視しています。
C0218,女性,20代,都市部,SNS広告,2026-05-10,10.4,継続中,4980,51792,SNSで見て,成分・添加物への不安,市販のサプリは成分表示が分かりにくく、添加物が気になって続けられませんでした。
C0219,女性,60代以上,地方,自然検索,2025-01-08,3.6,解約済み,4980,17928,検索して自分で見つけた,家族の健康管理,家族全員の健康を考えて、安心して続けられるものを探していました。
C0220,女性,30代,地方,SNS広告,2026-01-22,7.2,継続中,4980,35856,SNSで見て,家族の健康管理,家族全員の健康を考えて、安心して続けられるものを探していました。
C0221,女性,30代,地方,自然検索,2025-07-14,4.3,解約済み,4980,21414,口コミサイトで見て,成分・添加物への不安,着色料や保存料が入っていないか、購入前に必ず確認するようにしています。
C0222,女性,40代,都市部,SNS広告,2025-07-14,6.1,解約済み,4980,30378,広告を見て,慢性的な疲労感,忙しい毎日で、寝ても疲れが抜けにくくなってきました。続けやすいものを探していました。
C0223,女性,40代,都市部,SNS広告,2025-06-07,4.3,解約済み,4980,21414,SNSで見て,成分・添加物への不安,市販のサプリは成分表示が分かりにくく、添加物が気になって続けられませんでした。
C0224,女性,60代以上,都市部,自然検索,2026-06-25,5.4,継続中,6980,37692,検索して自分で見つけた,成分・添加物への不安,着色料や保存料が入っていないか、購入前に必ず確認するようにしています。
C0225,女性,30代,都市部,検索広告,2026-04-06,3.7,解約済み,4980,18426,広告を見て,家族の健康管理,毎日の食事で不足しがちな栄養を、家族分まとめて補いたいと思っていました。
C0226,女性,60代以上,都市部,自然検索,2026-04-12,1.9,継続中,4980,9462,検索して自分で見つけた,慢性的な疲労感,忙しい毎日で、寝ても疲れが抜けにくくなってきました。続けやすいものを探していました。
C0227,女性,20代,都市部,自然検索,2026-01-03,7.3,解約済み,4980,36354,検索して自分で見つけた,慢性的な疲労感,仕事と育児の両立で、朝起きても疲れが取れていない感じがずっと続いています。
C0228,女性,40代,都市部,検索広告,2026-04-23,1.6,解約済み,6980,11168,広告を見て,更年期特有の不調,この年代特有の体の変化に、食事だけで対応するのが難しいと感じていました。
C0229,男性,40代,地方,自然検索,2024-10-26,5.9,解約済み,4980,29382,検索して自分で見つけた,成分・添加物への不安,市販のサプリは成分表示が分かりにくく、添加物が気になって続けられませんでした。
C0230,女性,20代,都市部,検索広告,2025-08-08,0.3,解約済み,4980,1494,広告を見て,更年期特有の不調,更年期特有のほてりや気分の浮き沈みがあり、体調管理に不安を感じていました。
C0231,女性,30代,地方,SNS広告,2025-05-23,2.0,解約済み,4980,9960,SNSで見て,慢性的な疲労感,忙しい毎日で、寝ても疲れが抜けにくくなってきました。続けやすいものを探していました。
C0232,女性,30代,地方,検索広告,2025-11-25,3.4,継続中,4980,16932,検索して自分で見つけた,更年期特有の不調,更年期特有のほてりや気分の浮き沈みがあり、体調管理に不安を感じていました。
C0233,女性,60代以上,都市部,自然検索,2026-01-21,2.1,解約済み,6980,14658,検索して自分で見つけた,慢性的な疲労感,仕事と育児の両立で、朝起きても疲れが取れていない感じがずっと続いています。
C0234,女性,40代,都市部,検索広告,2025-08-15,2.4,解約済み,4980,11952,検索して自分で見つけた,慢性的な疲労感,年齢のせいか、以前より疲れやすくなった気がしていて悩んでいました。
C0235,女性,60代以上,都市部,検索広告,2026-01-08,2.9,解約済み,6980,20242,広告を見て,更年期特有の不調,この年代特有の体の変化に、食事だけで対応するのが難しいと感じていました。
C0236,女性,50代,地方,自然検索,2025-12-05,7.5,継続中,4980,37350,口コミサイトで見て,慢性的な疲労感,年齢のせいか、以前より疲れやすくなった気がしていて悩んでいました。
C0237,女性,40代,都市部,友人・家族の紹介,2025-09-20,10.4,継続中,4980,51792,友人・家族の紹介,成分・添加物への不安,着色料や保存料が入っていないか、購入前に必ず確認するようにしています。
C0238,男性,50代,都市部,SNS広告,2025-08-13,2.1,継続中,4980,10458,SNSで見て,慢性的な疲労感,忙しい毎日で、寝ても疲れが抜けにくくなってきました。続けやすいものを探していました。
C0239,女性,20代,地方,検索広告,2024-09-12,1.9,解約済み,4980,9462,広告を見て,慢性的な疲労感,年齢のせいか、以前より疲れやすくなった気がしていて悩んでいました。
C0240,女性,20代,地方,自然検索,2026-02-27,12.6,継続中,4980,62748,口コミサイトで見て,肌の調子,肌の調子が不安定で、体の内側からケアできるものを探していました。
C0241,女性,50代,都市部,検索広告,2025-08-26,11.1,継続中,4980,55278,広告を見て,慢性的な疲労感,忙しい毎日で、寝ても疲れが抜けにくくなってきました。続けやすいものを探していました。
C0242,女性,50代,都市部,自然検索,2026-04-20,8.2,解約済み,4980,40836,検索して自分で見つけた,更年期特有の不調,この年代特有の体の変化に、食事だけで対応するのが難しいと感じていました。
C0243,女性,30代,都市部,自然検索,2025-12-01,2.6,継続中,6980,18148,口コミサイトで見て,肌の調子,肌の調子が不安定で、体の内側からケアできるものを探していました。
C0244,女性,40代,都市部,友人・家族の紹介,2025-03-18,7.7,継続中,6980,53746,友人・家族の紹介,慢性的な疲労感,年齢のせいか、以前より疲れやすくなった気がしていて悩んでいました。
C0245,女性,40代,都市部,友人・家族の紹介,2026-04-02,9.9,解約済み,4980,49302,SNSで見て,更年期特有の不調,更年期特有のほてりや気分の浮き沈みがあり、体調管理に不安を感じていました。
C0246,男性,50代,都市部,SNS広告,2025-06-22,5.7,解約済み,4980,28386,SNSで見て,成分・添加物への不安,着色料や保存料が入っていないか、購入前に必ず確認するようにしています。
C0247,女性,40代,地方,検索広告,2025-10-15,7.9,解約済み,4980,39342,広告を見て,成分・添加物への不安,子どもも口にする可能性があるので、無添加であることを重視しています。
C0248,女性,30代,都市部,検索広告,2026-06-27,7.7,継続中,4980,38346,広告を見て,慢性的な疲労感,仕事と育児の両立で、朝起きても疲れが取れていない感じがずっと続いています。
C0249,女性,30代,地方,SNS広告,2024-10-18,2.9,解約済み,6980,20242,SNSで見て,更年期特有の不調,この年代特有の体の変化に、食事だけで対応するのが難しいと感じていました。
C0250,男性,30代,都市部,SNS広告,2025-10-17,4.4,継続中,4980,21912,SNSで見て,成分・添加物への不安,市販のサプリは成分表示が分かりにくく、添加物が気になって続けられませんでした。
C0251,女性,40代,地方,友人・家族の紹介,2025-01-31,16.4,解約済み,4980,81672,友人・家族の紹介,成分・添加物への不安,市販のサプリは成分表示が分かりにくく、添加物が気になって続けられませんでした。
C0252,女性,50代,地方,SNS広告,2025-10-15,13.9,解約済み,4980,69222,SNSで見て,家族の健康管理,毎日の食事で不足しがちな栄養を、家族分まとめて補いたいと思っていました。
C0253,女性,30代,地方,検索広告,2024-10-15,5.5,解約済み,4980,27390,検索して自分で見つけた,慢性的な疲労感,忙しい毎日で、寝ても疲れが抜けにくくなってきました。続けやすいものを探していました。
C0254,男性,30代,地方,友人・家族の紹介,2026-01-11,24.0,継続中,4980,119520,SNSで見て,家族の健康管理,毎日の食事で不足しがちな栄養を、家族分まとめて補いたいと思っていました。
C0255,女性,30代,都市部,SNS広告,2025-10-18,8.3,継続中,4980,41334,SNSで見て,肌の調子,季節の変わり目に肌荒れしやすく、食事だけでは補いきれないと感じていました。
C0256,女性,50代,都市部,自然検索,2025-02-17,1.9,解約済み,6980,13262,検索して自分で見つけた,家族の健康管理,毎日の食事で不足しがちな栄養を、家族分まとめて補いたいと思っていました。
C0257,女性,50代,都市部,友人・家族の紹介,2025-12-05,11.2,継続中,6980,78176,友人・家族の紹介,家族の健康管理,毎日の食事で不足しがちな栄養を、家族分まとめて補いたいと思っていました。
C0258,男性,20代,都市部,SNS広告,2025-11-20,24.0,継続中,4980,119520,広告を見て,家族の健康管理,家族全員の健康を考えて、安心して続けられるものを探していました。
C0259,女性,20代,地方,SNS広告,2024-09-05,1.5,解約済み,4980,7470,SNSで見て,慢性的な疲労感,年齢のせいか、以前より疲れやすくなった気がしていて悩んでいました。
C0260,女性,40代,都市部,SNS広告,2025-07-10,18.1,継続中,4980,90138,SNSで見て,更年期特有の不調,この年代特有の体の変化に、食事だけで対応するのが難しいと感じていました。
C0261,女性,30代,地方,友人・家族の紹介,2025-04-07,13.9,継続中,4980,69222,友人・家族の紹介,更年期特有の不調,更年期特有のほてりや気分の浮き沈みがあり、体調管理に不安を感じていました。
C0262,女性,50代,都市部,検索広告,2025-05-09,1.4,解約済み,4980,6972,検索して自分で見つけた,更年期特有の不調,この年代特有の体の変化に、食事だけで対応するのが難しいと感じていました。
C0263,女性,30代,都市部,検索広告,2024-12-31,0.6,継続中,6980,4188,検索して自分で見つけた,慢性的な疲労感,忙しい毎日で、寝ても疲れが抜けにくくなってきました。続けやすいものを探していました。
C0264,女性,30代,都市部,SNS広告,2024-12-07,0.6,解約済み,4980,2988,SNSで見て,家族の健康管理,家族全員の健康を考えて、安心して続けられるものを探していました。
C0265,女性,60代以上,地方,自然検索,2025-07-04,2.1,継続中,4980,10458,口コミサイトで見て,成分・添加物への不安,着色料や保存料が入っていないか、購入前に必ず確認するようにしています。
C0266,男性,30代,地方,友人・家族の紹介,2026-01-08,12.3,解約済み,4980,61254,友人・家族の紹介,成分・添加物への不安,子どもも口にする可能性があるので、無添加であることを重視しています。
C0267,男性,30代,都市部,検索広告,2026-07-18,8.5,解約済み,4980,42330,広告を見て,成分・添加物への不安,市販のサプリは成分表示が分かりにくく、添加物が気になって続けられませんでした。
C0268,女性,30代,都市部,友人・家族の紹介,2025-05-29,19.9,継続中,4980,99102,SNSで見て,慢性的な疲労感,忙しい毎日で、寝ても疲れが抜けにくくなってきました。続けやすいものを探していました。
C0269,女性,20代,地方,SNS広告,2025-01-02,6.3,継続中,4980,31374,SNSで見て,肌の調子,肌の調子が不安定で、体の内側からケアできるものを探していました。
C0270,女性,20代,都市部,SNS広告,2025-09-21,5.6,解約済み,4980,27888,SNSで見て,慢性的な疲労感,忙しい毎日で、寝ても疲れが抜けにくくなってきました。続けやすいものを探していました。
C0271,女性,20代,地方,自然検索,2026-04-09,2.9,解約済み,4980,14442,口コミサイトで見て,肌の調子,肌の調子が不安定で、体の内側からケアできるものを探していました。
C0272,女性,30代,都市部,SNS広告,2026-01-13,10.2,解約済み,4980,50796,広告を見て,更年期特有の不調,この年代特有の体の変化に、食事だけで対応するのが難しいと感じていました。
C0273,男性,20代,都市部,SNS広告,2025-08-11,2.8,解約済み,4980,13944,SNSで見て,成分・添加物への不安,子どもも口にする可能性があるので、無添加であることを重視しています。
C0274,女性,40代,都市部,友人・家族の紹介,2024-12-25,2.7,解約済み,4980,13446,友人・家族の紹介,更年期特有の不調,更年期特有のほてりや気分の浮き沈みがあり、体調管理に不安を感じていました。
C0275,女性,40代,都市部,検索広告,2026-04-04,4.0,解約済み,4980,19920,検索して自分で見つけた,慢性的な疲労感,年齢のせいか、以前より疲れやすくなった気がしていて悩んでいました。
C0276,男性,30代,都市部,検索広告,2025-05-31,8.1,継続中,4980,40338,広告を見て,更年期特有の不調,この年代特有の体の変化に、食事だけで対応するのが難しいと感じていました。
C0277,女性,30代,都市部,友人・家族の紹介,2025-02-21,2.4,解約済み,6980,16752,SNSで見て,家族の健康管理,家族全員の健康を考えて、安心して続けられるものを探していました。
C0278,女性,40代,地方,SNS広告,2024-10-16,4.3,解約済み,4980,21414,SNSで見て,慢性的な疲労感,忙しい毎日で、寝ても疲れが抜けにくくなってきました。続けやすいものを探していました。
C0279,女性,50代,都市部,検索広告,2026-05-13,2.6,解約済み,4980,12948,広告を見て,更年期特有の不調,この年代特有の体の変化に、食事だけで対応するのが難しいと感じていました。
C0280,女性,50代,都市部,SNS広告,2024-10-23,5.5,継続中,4980,27390,SNSで見て,更年期特有の不調,更年期特有のほてりや気分の浮き沈みがあり、体調管理に不安を感じていました。
C0281,女性,20代,都市部,SNS広告,2025-06-07,7.4,解約済み,4980,36852,広告を見て,肌の調子,季節の変わり目に肌荒れしやすく、食事だけでは補いきれないと感じていました。
C0282,女性,30代,都市部,SNS広告,2025-02-12,24.0,継続中,4980,119520,広告を見て,肌の調子,肌の調子が不安定で、体の内側からケアできるものを探していました。
C0283,男性,30代,地方,自然検索,2026-06-26,0.5,解約済み,4980,2490,検索して自分で見つけた,成分・添加物への不安,市販のサプリは成分表示が分かりにくく、添加物が気になって続けられませんでした。
C0284,女性,30代,都市部,SNS広告,2025-08-13,24.0,継続中,4980,119520,SNSで見て,成分・添加物への不安,着色料や保存料が入っていないか、購入前に必ず確認するようにしています。
C0285,女性,40代,地方,自然検索,2025-05-24,17.3,継続中,4980,86154,口コミサイトで見て,慢性的な疲労感,仕事と育児の両立で、朝起きても疲れが取れていない感じがずっと続いています。
C0286,女性,30代,都市部,SNS広告,2025-12-31,14.1,解約済み,4980,70218,SNSで見て,慢性的な疲労感,忙しい毎日で、寝ても疲れが抜けにくくなってきました。続けやすいものを探していました。
C0287,女性,20代,地方,SNS広告,2025-10-04,5.9,継続中,4980,29382,SNSで見て,家族の健康管理,毎日の食事で不足しがちな栄養を、家族分まとめて補いたいと思っていました。
C0288,女性,30代,都市部,SNS広告,2025-07-10,4.3,解約済み,6980,30014,広告を見て,慢性的な疲労感,年齢のせいか、以前より疲れやすくなった気がしていて悩んでいました。
C0289,女性,40代,地方,自然検索,2025-07-12,10.1,継続中,4980,50298,口コミサイトで見て,成分・添加物への不安,市販のサプリは成分表示が分かりにくく、添加物が気になって続けられませんでした。
C0290,女性,20代,都市部,SNS広告,2026-07-04,6.2,解約済み,4980,30876,広告を見て,慢性的な疲労感,忙しい毎日で、寝ても疲れが抜けにくくなってきました。続けやすいものを探していました。
C0291,女性,50代,都市部,自然検索,2025-09-29,3.2,解約済み,4980,15936,検索して自分で見つけた,更年期特有の不調,更年期特有のほてりや気分の浮き沈みがあり、体調管理に不安を感じていました。
C0292,男性,20代,地方,自然検索,2026-03-06,6.9,解約済み,4980,34362,検索して自分で見つけた,肌の調子,肌の調子が不安定で、体の内側からケアできるものを探していました。
C0293,女性,60代以上,地方,自然検索,2024-10-30,6.9,継続中,4980,34362,口コミサイトで見て,更年期特有の不調,この年代特有の体の変化に、食事だけで対応するのが難しいと感じていました。
C0294,女性,20代,地方,SNS広告,2024-09-18,12.8,解約済み,4980,63744,SNSで見て,成分・添加物への不安,着色料や保存料が入っていないか、購入前に必ず確認するようにしています。
C0295,女性,50代,都市部,友人・家族の紹介,2026-01-05,3.7,解約済み,4980,18426,友人・家族の紹介,肌の調子,肌の調子が不安定で、体の内側からケアできるものを探していました。
C0296,男性,60代以上,地方,自然検索,2026-04-02,7.8,解約済み,4980,38844,口コミサイトで見て,家族の健康管理,家族全員の健康を考えて、安心して続けられるものを探していました。
C0297,女性,60代以上,地方,SNS広告,2026-03-02,3.6,解約済み,4980,17928,SNSで見て,更年期特有の不調,この年代特有の体の変化に、食事だけで対応するのが難しいと感じていました。
C0298,女性,50代,地方,自然検索,2025-09-02,4.9,継続中,4980,24402,口コミサイトで見て,更年期特有の不調,この年代特有の体の変化に、食事だけで対応するのが難しいと感じていました。
C0299,女性,50代,都市部,SNS広告,2024-11-28,7.4,解約済み,4980,36852,SNSで見て,更年期特有の不調,更年期特有のほてりや気分の浮き沈みがあり、体調管理に不安を感じていました。
C0300,女性,40代,地方,SNS広告,2025-08-17,14.7,継続中,4980,73206,広告を見て,成分・添加物への不安,着色料や保存料が入っていないか、購入前に必ず確認するようにしています。
C0301,女性,50代,地方,自然検索,2026-06-25,7.1,継続中,4980,35358,検索して自分で見つけた,肌の調子,肌の調子が不安定で、体の内側からケアできるものを探していました。
C0302,女性,20代,地方,SNS広告,2026-07-06,3.8,解約済み,6980,26524,SNSで見て,成分・添加物への不安,着色料や保存料が入っていないか、購入前に必ず確認するようにしています。
C0303,女性,40代,都市部,友人・家族の紹介,2026-02-24,0.8,解約済み,4980,3984,SNSで見て,慢性的な疲労感,忙しい毎日で、寝ても疲れが抜けにくくなってきました。続けやすいものを探していました。
C0304,女性,40代,都市部,友人・家族の紹介,2024-12-21,12.3,継続中,4980,61254,友人・家族の紹介,更年期特有の不調,この年代特有の体の変化に、食事だけで対応するのが難しいと感じていました。
C0305,男性,50代,地方,自然検索,2025-05-24,4.8,継続中,4980,23904,検索して自分で見つけた,家族の健康管理,毎日の食事で不足しがちな栄養を、家族分まとめて補いたいと思っていました。
C0306,女性,40代,都市部,自然検索,2025-07-04,1.6,継続中,4980,7968,検索して自分で見つけた,家族の健康管理,毎日の食事で不足しがちな栄養を、家族分まとめて補いたいと思っていました。
C0307,女性,30代,地方,自然検索,2025-12-22,7.8,継続中,6980,54444,口コミサイトで見て,家族の健康管理,家族全員の健康を考えて、安心して続けられるものを探していました。
C0308,女性,40代,都市部,友人・家族の紹介,2024-10-21,8.5,解約済み,4980,42330,SNSで見て,成分・添加物への不安,子どもも口にする可能性があるので、無添加であることを重視しています。
C0309,女性,30代,都市部,SNS広告,2025-12-14,19.0,継続中,4980,94620,SNSで見て,慢性的な疲労感,忙しい毎日で、寝ても疲れが抜けにくくなってきました。続けやすいものを探していました。
C0310,女性,20代,地方,SNS広告,2024-12-26,17.7,継続中,4980,88146,SNSで見て,肌の調子,肌の調子が不安定で、体の内側からケアできるものを探していました。
C0311,女性,40代,都市部,自然検索,2024-11-13,11.0,継続中,6980,76780,検索して自分で見つけた,家族の健康管理,毎日の食事で不足しがちな栄養を、家族分まとめて補いたいと思っていました。
C0312,男性,30代,都市部,検索広告,2025-08-29,4.5,継続中,4980,22410,検索して自分で見つけた,肌の調子,肌の調子が不安定で、体の内側からケアできるものを探していました。
C0313,男性,30代,地方,SNS広告,2024-11-14,8.2,解約済み,4980,40836,広告を見て,成分・添加物への不安,市販のサプリは成分表示が分かりにくく、添加物が気になって続けられませんでした。
C0314,男性,30代,地方,自然検索,2026-01-21,3.2,解約済み,4980,15936,口コミサイトで見て,成分・添加物への不安,子どもも口にする可能性があるので、無添加であることを重視しています。
C0315,男性,30代,地方,SNS広告,2025-04-29,4.5,解約済み,4980,22410,SNSで見て,肌の調子,季節の変わり目に肌荒れしやすく、食事だけでは補いきれないと感じていました。
C0316,男性,30代,都市部,友人・家族の紹介,2026-06-02,8.5,解約済み,4980,42330,友人・家族の紹介,家族の健康管理,毎日の食事で不足しがちな栄養を、家族分まとめて補いたいと思っていました。
C0317,女性,30代,都市部,SNS広告,2025-09-05,6.4,解約済み,4980,31872,広告を見て,肌の調子,肌の調子が不安定で、体の内側からケアできるものを探していました。
C0318,女性,40代,地方,SNS広告,2026-03-03,1.9,解約済み,4980,9462,広告を見て,成分・添加物への不安,着色料や保存料が入っていないか、購入前に必ず確認するようにしています。
C0319,女性,30代,都市部,SNS広告,2026-06-20,19.2,継続中,4980,95616,SNSで見て,慢性的な疲労感,仕事と育児の両立で、朝起きても疲れが取れていない感じがずっと続いています。
C0320,女性,60代以上,都市部,自然検索,2026-07-31,9.3,解約済み,4980,46314,検索して自分で見つけた,更年期特有の不調,この年代特有の体の変化に、食事だけで対応するのが難しいと感じていました。
C0321,女性,60代以上,都市部,自然検索,2025-12-18,8.3,解約済み,4980,41334,検索して自分で見つけた,更年期特有の不調,この年代特有の体の変化に、食事だけで対応するのが難しいと感じていました。
C0322,女性,40代,都市部,SNS広告,2025-06-16,19.1,解約済み,4980,95118,SNSで見て,家族の健康管理,毎日の食事で不足しがちな栄養を、家族分まとめて補いたいと思っていました。
C0323,女性,30代,地方,SNS広告,2025-09-18,24.0,継続中,4980,119520,SNSで見て,成分・添加物への不安,子どもも口にする可能性があるので、無添加であることを重視しています。
C0324,女性,40代,地方,SNS広告,2026-01-03,3.4,解約済み,4980,16932,SNSで見て,成分・添加物への不安,市販のサプリは成分表示が分かりにくく、添加物が気になって続けられませんでした。
C0325,女性,50代,地方,自然検索,2024-09-08,17.1,継続中,6980,119358,検索して自分で見つけた,成分・添加物への不安,市販のサプリは成分表示が分かりにくく、添加物が気になって続けられませんでした。
C0326,女性,40代,都市部,検索広告,2024-10-14,2.9,継続中,4980,14442,検索して自分で見つけた,肌の調子,季節の変わり目に肌荒れしやすく、食事だけでは補いきれないと感じていました。
C0327,女性,50代,都市部,検索広告,2026-05-07,4.1,解約済み,4980,20418,広告を見て,更年期特有の不調,この年代特有の体の変化に、食事だけで対応するのが難しいと感じていました。
C0328,女性,40代,都市部,検索広告,2025-10-16,0.8,解約済み,6980,5584,検索して自分で見つけた,慢性的な疲労感,仕事と育児の両立で、朝起きても疲れが取れていない感じがずっと続いています。
C0329,女性,40代,都市部,SNS広告,2025-05-05,4.6,解約済み,4980,22908,SNSで見て,家族の健康管理,家族全員の健康を考えて、安心して続けられるものを探していました。
C0330,女性,30代,都市部,SNS広告,2025-03-07,15.5,継続中,4980,77190,SNSで見て,慢性的な疲労感,忙しい毎日で、寝ても疲れが抜けにくくなってきました。続けやすいものを探していました。
C0331,女性,50代,都市部,検索広告,2025-11-19,4.2,解約済み,4980,20916,広告を見て,肌の調子,肌の調子が不安定で、体の内側からケアできるものを探していました。
C0332,女性,30代,都市部,自然検索,2025-02-26,4.7,継続中,4980,23406,検索して自分で見つけた,慢性的な疲労感,忙しい毎日で、寝ても疲れが抜けにくくなってきました。続けやすいものを探していました。
C0333,女性,40代,都市部,友人・家族の紹介,2026-05-08,9.1,継続中,4980,45318,友人・家族の紹介,成分・添加物への不安,市販のサプリは成分表示が分かりにくく、添加物が気になって続けられませんでした。
C0334,女性,50代,地方,友人・家族の紹介,2025-12-13,4.4,継続中,4980,21912,友人・家族の紹介,更年期特有の不調,更年期特有のほてりや気分の浮き沈みがあり、体調管理に不安を感じていました。
C0335,女性,20代,都市部,SNS広告,2025-03-19,10.3,解約済み,4980,51294,広告を見て,家族の健康管理,毎日の食事で不足しがちな栄養を、家族分まとめて補いたいと思っていました。
C0336,女性,40代,都市部,自然検索,2025-05-22,14.5,継続中,6980,101210,口コミサイトで見て,慢性的な疲労感,忙しい毎日で、寝ても疲れが抜けにくくなってきました。続けやすいものを探していました。
C0337,男性,20代,地方,SNS広告,2024-12-24,2.6,解約済み,4980,12948,SNSで見て,家族の健康管理,家族全員の健康を考えて、安心して続けられるものを探していました。
C0338,女性,50代,地方,自然検索,2026-07-01,4.2,継続中,4980,20916,検索して自分で見つけた,更年期特有の不調,この年代特有の体の変化に、食事だけで対応するのが難しいと感じていました。
C0339,男性,20代,地方,自然検索,2026-04-02,1.0,継続中,6980,6980,検索して自分で見つけた,成分・添加物への不安,市販のサプリは成分表示が分かりにくく、添加物が気になって続けられませんでした。
C0340,女性,60代以上,都市部,友人・家族の紹介,2026-06-30,7.7,継続中,4980,38346,友人・家族の紹介,成分・添加物への不安,子どもも口にする可能性があるので、無添加であることを重視しています。
C0341,女性,20代,地方,自然検索,2026-03-21,5.7,継続中,6980,39786,検索して自分で見つけた,成分・添加物への不安,子どもも口にする可能性があるので、無添加であることを重視しています。
C0342,女性,60代以上,都市部,自然検索,2026-07-31,4.3,継続中,4980,21414,検索して自分で見つけた,家族の健康管理,毎日の食事で不足しがちな栄養を、家族分まとめて補いたいと思っていました。
C0343,女性,50代,都市部,自然検索,2025-08-15,5.9,解約済み,4980,29382,検索して自分で見つけた,成分・添加物への不安,市販のサプリは成分表示が分かりにくく、添加物が気になって続けられませんでした。
C0344,女性,40代,都市部,友人・家族の紹介,2025-07-29,7.7,解約済み,4980,38346,友人・家族の紹介,成分・添加物への不安,子どもも口にする可能性があるので、無添加であることを重視しています。
C0345,女性,50代,都市部,検索広告,2025-04-29,2.4,継続中,4980,11952,検索して自分で見つけた,更年期特有の不調,この年代特有の体の変化に、食事だけで対応するのが難しいと感じていました。
C0346,女性,50代,都市部,友人・家族の紹介,2025-11-06,6.5,解約済み,4980,32370,SNSで見て,家族の健康管理,家族全員の健康を考えて、安心して続けられるものを探していました。
C0347,女性,60代以上,都市部,検索広告,2026-07-31,1.1,解約済み,6980,7678,広告を見て,家族の健康管理,毎日の食事で不足しがちな栄養を、家族分まとめて補いたいと思っていました。
C0348,女性,30代,地方,友人・家族の紹介,2025-04-18,6.8,継続中,6980,47464,SNSで見て,肌の調子,季節の変わり目に肌荒れしやすく、食事だけでは補いきれないと感じていました。
C0349,男性,40代,都市部,自然検索,2026-06-25,7.9,継続中,4980,39342,検索して自分で見つけた,慢性的な疲労感,年齢のせいか、以前より疲れやすくなった気がしていて悩んでいました。
C0350,女性,20代,都市部,SNS広告,2024-12-04,12.8,継続中,4980,63744,SNSで見て,家族の健康管理,家族全員の健康を考えて、安心して続けられるものを探していました。
C0351,女性,40代,都市部,自然検索,2026-07-18,2.4,継続中,4980,11952,口コミサイトで見て,慢性的な疲労感,忙しい毎日で、寝ても疲れが抜けにくくなってきました。続けやすいものを探していました。
C0352,女性,30代,都市部,SNS広告,2025-07-27,7.1,解約済み,6980,49558,広告を見て,慢性的な疲労感,仕事と育児の両立で、朝起きても疲れが取れていない感じがずっと続いています。
C0353,女性,40代,都市部,自然検索,2024-11-14,1.9,解約済み,4980,9462,口コミサイトで見て,家族の健康管理,家族全員の健康を考えて、安心して続けられるものを探していました。
C0354,女性,40代,都市部,自然検索,2025-06-28,3.7,解約済み,6980,25826,検索して自分で見つけた,慢性的な疲労感,忙しい毎日で、寝ても疲れが抜けにくくなってきました。続けやすいものを探していました。
C0355,男性,40代,都市部,自然検索,2025-06-03,4.2,解約済み,4980,20916,口コミサイトで見て,慢性的な疲労感,仕事と育児の両立で、朝起きても疲れが取れていない感じがずっと続いています。
C0356,男性,40代,地方,友人・家族の紹介,2025-04-12,9.7,継続中,4980,48306,友人・家族の紹介,肌の調子,肌の調子が不安定で、体の内側からケアできるものを探していました。
C0357,女性,50代,地方,SNS広告,2026-05-09,6.2,継続中,4980,30876,SNSで見て,成分・添加物への不安,子どもも口にする可能性があるので、無添加であることを重視しています。
C0358,女性,50代,都市部,検索広告,2025-04-17,2.5,解約済み,4980,12450,広告を見て,慢性的な疲労感,忙しい毎日で、寝ても疲れが抜けにくくなってきました。続けやすいものを探していました。
C0359,女性,40代,地方,検索広告,2024-11-24,5.2,継続中,4980,25896,検索して自分で見つけた,肌の調子,肌の調子が不安定で、体の内側からケアできるものを探していました。
C0360,女性,40代,地方,SNS広告,2024-09-20,3.2,継続中,6980,22336,SNSで見て,更年期特有の不調,更年期特有のほてりや気分の浮き沈みがあり、体調管理に不安を感じていました。
C0361,女性,60代以上,地方,自然検索,2025-09-26,3.9,継続中,4980,19422,検索して自分で見つけた,家族の健康管理,毎日の食事で不足しがちな栄養を、家族分まとめて補いたいと思っていました。
C0362,女性,20代,地方,SNS広告,2025-12-04,8.6,継続中,4980,42828,広告を見て,慢性的な疲労感,忙しい毎日で、寝ても疲れが抜けにくくなってきました。続けやすいものを探していました。
C0363,女性,20代,地方,SNS広告,2025-02-21,2.4,解約済み,4980,11952,SNSで見て,肌の調子,季節の変わり目に肌荒れしやすく、食事だけでは補いきれないと感じていました。
C0364,女性,20代,地方,SNS広告,2025-07-18,0.9,継続中,4980,4482,SNSで見て,更年期特有の不調,更年期特有のほてりや気分の浮き沈みがあり、体調管理に不安を感じていました。
C0365,男性,40代,地方,友人・家族の紹介,2026-02-03,17.1,継続中,4980,85158,友人・家族の紹介,慢性的な疲労感,仕事と育児の両立で、朝起きても疲れが取れていない感じがずっと続いています。
C0366,女性,30代,都市部,SNS広告,2026-04-04,2.7,解約済み,6980,18846,SNSで見て,慢性的な疲労感,仕事と育児の両立で、朝起きても疲れが取れていない感じがずっと続いています。
C0367,男性,50代,都市部,友人・家族の紹介,2026-04-05,4.6,解約済み,6980,32108,SNSで見て,慢性的な疲労感,仕事と育児の両立で、朝起きても疲れが取れていない感じがずっと続いています。
C0368,女性,40代,都市部,検索広告,2025-09-15,6.3,継続中,4980,31374,広告を見て,成分・添加物への不安,子どもも口にする可能性があるので、無添加であることを重視しています。
C0369,女性,30代,都市部,SNS広告,2026-04-05,3.4,解約済み,4980,16932,SNSで見て,慢性的な疲労感,忙しい毎日で、寝ても疲れが抜けにくくなってきました。続けやすいものを探していました。
C0370,女性,50代,都市部,自然検索,2026-07-20,8.1,継続中,4980,40338,検索して自分で見つけた,更年期特有の不調,この年代特有の体の変化に、食事だけで対応するのが難しいと感じていました。
C0371,女性,50代,都市部,自然検索,2026-06-27,2.4,解約済み,6980,16752,検索して自分で見つけた,家族の健康管理,毎日の食事で不足しがちな栄養を、家族分まとめて補いたいと思っていました。
C0372,女性,30代,都市部,SNS広告,2024-10-21,3.8,継続中,4980,18924,広告を見て,慢性的な疲労感,年齢のせいか、以前より疲れやすくなった気がしていて悩んでいました。
C0373,女性,30代,都市部,検索広告,2026-06-12,1.6,継続中,4980,7968,広告を見て,成分・添加物への不安,市販のサプリは成分表示が分かりにくく、添加物が気になって続けられませんでした。
C0374,男性,30代,地方,SNS広告,2026-06-12,4.3,解約済み,6980,30014,広告を見て,慢性的な疲労感,忙しい毎日で、寝ても疲れが抜けにくくなってきました。続けやすいものを探していました。
C0375,女性,30代,都市部,SNS広告,2025-09-21,11.5,継続中,6980,80270,SNSで見て,慢性的な疲労感,忙しい毎日で、寝ても疲れが抜けにくくなってきました。続けやすいものを探していました。
C0376,女性,30代,都市部,検索広告,2026-02-12,3.0,継続中,4980,14940,広告を見て,肌の調子,肌の調子が不安定で、体の内側からケアできるものを探していました。
C0377,女性,60代以上,地方,自然検索,2024-09-28,6.9,解約済み,4980,34362,検索して自分で見つけた,更年期特有の不調,この年代特有の体の変化に、食事だけで対応するのが難しいと感じていました。
C0378,女性,30代,地方,友人・家族の紹介,2024-11-03,9.5,継続中,4980,47310,友人・家族の紹介,家族の健康管理,毎日の食事で不足しがちな栄養を、家族分まとめて補いたいと思っていました。
C0379,女性,30代,地方,SNS広告,2025-10-23,8.3,解約済み,4980,41334,SNSで見て,成分・添加物への不安,着色料や保存料が入っていないか、購入前に必ず確認するようにしています。
C0380,女性,50代,地方,友人・家族の紹介,2025-09-22,3.5,解約済み,4980,17430,SNSで見て,慢性的な疲労感,忙しい毎日で、寝ても疲れが抜けにくくなってきました。続けやすいものを探していました。
C0381,男性,40代,地方,自然検索,2025-11-13,12.3,継続中,4980,61254,検索して自分で見つけた,成分・添加物への不安,子どもも口にする可能性があるので、無添加であることを重視しています。
C0382,女性,60代以上,都市部,友人・家族の紹介,2026-07-07,10.8,継続中,4980,53784,友人・家族の紹介,成分・添加物への不安,市販のサプリは成分表示が分かりにくく、添加物が気になって続けられませんでした。
C0383,女性,50代,都市部,友人・家族の紹介,2026-01-10,12.0,継続中,4980,59760,友人・家族の紹介,家族の健康管理,毎日の食事で不足しがちな栄養を、家族分まとめて補いたいと思っていました。
C0384,女性,40代,都市部,SNS広告,2026-05-09,5.9,解約済み,4980,29382,SNSで見て,更年期特有の不調,この年代特有の体の変化に、食事だけで対応するのが難しいと感じていました。
C0385,女性,30代,地方,検索広告,2026-05-23,1.4,解約済み,4980,6972,広告を見て,慢性的な疲労感,年齢のせいか、以前より疲れやすくなった気がしていて悩んでいました。
C0386,男性,60代以上,地方,検索広告,2025-07-06,1.9,継続中,6980,13262,検索して自分で見つけた,更年期特有の不調,この年代特有の体の変化に、食事だけで対応するのが難しいと感じていました。
C0387,女性,40代,都市部,友人・家族の紹介,2026-05-25,12.4,継続中,4980,61752,友人・家族の紹介,肌の調子,肌の調子が不安定で、体の内側からケアできるものを探していました。
C0388,女性,60代以上,都市部,自然検索,2026-05-22,5.0,解約済み,6980,34900,検索して自分で見つけた,家族の健康管理,毎日の食事で不足しがちな栄養を、家族分まとめて補いたいと思っていました。
C0389,女性,20代,都市部,SNS広告,2025-08-31,6.8,解約済み,4980,33864,SNSで見て,慢性的な疲労感,年齢のせいか、以前より疲れやすくなった気がしていて悩んでいました。
C0390,女性,50代,都市部,友人・家族の紹介,2025-09-27,9.3,解約済み,4980,46314,友人・家族の紹介,慢性的な疲労感,忙しい毎日で、寝ても疲れが抜けにくくなってきました。続けやすいものを探していました。
C0391,女性,40代,都市部,SNS広告,2026-04-28,3.8,解約済み,6980,26524,SNSで見て,慢性的な疲労感,忙しい毎日で、寝ても疲れが抜けにくくなってきました。続けやすいものを探していました。
C0392,女性,20代,都市部,検索広告,2026-07-30,1.2,解約済み,4980,5976,広告を見て,成分・添加物への不安,着色料や保存料が入っていないか、購入前に必ず確認するようにしています。
C0393,女性,40代,地方,自然検索,2026-03-20,1.9,解約済み,4980,9462,検索して自分で見つけた,成分・添加物への不安,市販のサプリは成分表示が分かりにくく、添加物が気になって続けられませんでした。
C0394,女性,40代,都市部,SNS広告,2026-02-18,13.8,解約済み,4980,68724,広告を見て,慢性的な疲労感,仕事と育児の両立で、朝起きても疲れが取れていない感じがずっと続いています。
C0395,男性,20代,地方,検索広告,2025-01-19,7.2,解約済み,4980,35856,広告を見て,成分・添加物への不安,子どもも口にする可能性があるので、無添加であることを重視しています。
C0396,女性,30代,地方,友人・家族の紹介,2024-10-31,24.0,継続中,4980,119520,友人・家族の紹介,成分・添加物への不安,子どもも口にする可能性があるので、無添加であることを重視しています。
C0397,女性,50代,都市部,SNS広告,2025-10-22,6.6,解約済み,4980,32868,SNSで見て,慢性的な疲労感,仕事と育児の両立で、朝起きても疲れが取れていない感じがずっと続いています。
C0398,女性,30代,都市部,検索広告,2025-10-23,6.0,解約済み,4980,29880,広告を見て,家族の健康管理,家族全員の健康を考えて、安心して続けられるものを探していました。
C0399,男性,30代,地方,SNS広告,2025-03-22,6.9,継続中,4980,34362,SNSで見て,成分・添加物への不安,子どもも口にする可能性があるので、無添加であることを重視しています。
C0400,女性,30代,都市部,自然検索,2025-05-21,7.5,継続中,4980,37350,検索して自分で見つけた,慢性的な疲労感,仕事と育児の両立で、朝起きても疲れが取れていない感じがずっと続いています。
C0401,女性,30代,地方,SNS広告,2026-03-27,3.4,解約済み,4980,16932,広告を見て,成分・添加物への不安,市販のサプリは成分表示が分かりにくく、添加物が気になって続けられませんでした。
C0402,女性,60代以上,都市部,友人・家族の紹介,2026-05-19,5.6,解約済み,4980,27888,友人・家族の紹介,更年期特有の不調,更年期特有のほてりや気分の浮き沈みがあり、体調管理に不安を感じていました。
C0403,女性,50代,地方,友人・家族の紹介,2025-09-30,3.6,解約済み,4980,17928,友人・家族の紹介,家族の健康管理,家族全員の健康を考えて、安心して続けられるものを探していました。
C0404,女性,20代,地方,SNS広告,2025-07-03,4.0,解約済み,4980,19920,SNSで見て,肌の調子,季節の変わり目に肌荒れしやすく、食事だけでは補いきれないと感じていました。
C0405,女性,60代以上,都市部,自然検索,2026-04-27,1.8,解約済み,4980,8964,検索して自分で見つけた,更年期特有の不調,更年期特有のほてりや気分の浮き沈みがあり、体調管理に不安を感じていました。
C0406,女性,50代,都市部,自然検索,2026-01-09,6.2,解約済み,4980,30876,検索して自分で見つけた,家族の健康管理,毎日の食事で不足しがちな栄養を、家族分まとめて補いたいと思っていました。
C0407,男性,30代,地方,自然検索,2025-12-31,10.1,継続中,4980,50298,検索して自分で見つけた,更年期特有の不調,この年代特有の体の変化に、食事だけで対応するのが難しいと感じていました。
C0408,女性,50代,都市部,自然検索,2026-02-01,5.4,解約済み,4980,26892,検索して自分で見つけた,更年期特有の不調,この年代特有の体の変化に、食事だけで対応するのが難しいと感じていました。
C0409,女性,20代,都市部,SNS広告,2025-09-14,3.0,解約済み,4980,14940,SNSで見て,成分・添加物への不安,子どもも口にする可能性があるので、無添加であることを重視しています。
C0410,女性,60代以上,都市部,検索広告,2025-05-02,0.6,解約済み,6980,4188,検索して自分で見つけた,成分・添加物への不安,子どもも口にする可能性があるので、無添加であることを重視しています。
C0411,女性,40代,都市部,友人・家族の紹介,2025-08-11,13.6,継続中,6980,94928,SNSで見て,更年期特有の不調,この年代特有の体の変化に、食事だけで対応するのが難しいと感じていました。
C0412,女性,40代,地方,検索広告,2026-03-14,3.9,継続中,4980,19422,広告を見て,成分・添加物への不安,子どもも口にする可能性があるので、無添加であることを重視しています。
C0413,女性,20代,地方,自然検索,2026-05-22,0.6,解約済み,4980,2988,検索して自分で見つけた,肌の調子,肌の調子が不安定で、体の内側からケアできるものを探していました。
C0414,男性,50代,都市部,自然検索,2025-01-04,4.8,解約済み,4980,23904,口コミサイトで見て,更年期特有の不調,この年代特有の体の変化に、食事だけで対応するのが難しいと感じていました。
C0415,女性,20代,地方,友人・家族の紹介,2025-09-01,8.8,解約済み,6980,61424,SNSで見て,成分・添加物への不安,市販のサプリは成分表示が分かりにくく、添加物が気になって続けられませんでした。
C0416,女性,30代,都市部,SNS広告,2026-06-20,1.7,解約済み,6980,11866,広告を見て,慢性的な疲労感,忙しい毎日で、寝ても疲れが抜けにくくなってきました。続けやすいものを探していました。
C0417,女性,30代,都市部,SNS広告,2026-02-03,11.3,継続中,4980,56274,SNSで見て,成分・添加物への不安,市販のサプリは成分表示が分かりにくく、添加物が気になって続けられませんでした。
C0418,女性,50代,都市部,友人・家族の紹介,2025-01-17,1.9,解約済み,4980,9462,友人・家族の紹介,成分・添加物への不安,着色料や保存料が入っていないか、購入前に必ず確認するようにしています。
C0419,女性,30代,地方,友人・家族の紹介,2025-02-22,4.9,解約済み,4980,24402,友人・家族の紹介,成分・添加物への不安,子どもも口にする可能性があるので、無添加であることを重視しています。
C0420,女性,60代以上,都市部,自然検索,2024-11-27,0.9,解約済み,6980,6282,口コミサイトで見て,家族の健康管理,家族全員の健康を考えて、安心して続けられるものを探していました。
C0421,男性,40代,都市部,検索広告,2025-06-07,1.8,解約済み,6980,12564,広告を見て,成分・添加物への不安,着色料や保存料が入っていないか、購入前に必ず確認するようにしています。
C0422,女性,20代,都市部,SNS広告,2025-10-10,1.7,解約済み,4980,8466,SNSで見て,肌の調子,肌の調子が不安定で、体の内側からケアできるものを探していました。
C0423,男性,20代,地方,SNS広告,2025-10-08,10.3,継続中,4980,51294,SNSで見て,肌の調子,肌の調子が不安定で、体の内側からケアできるものを探していました。
C0424,女性,20代,都市部,SNS広告,2026-03-20,4.2,解約済み,4980,20916,SNSで見て,肌の調子,肌の調子が不安定で、体の内側からケアできるものを探していました。
C0425,女性,40代,都市部,友人・家族の紹介,2025-05-04,5.9,解約済み,4980,29382,友人・家族の紹介,慢性的な疲労感,忙しい毎日で、寝ても疲れが抜けにくくなってきました。続けやすいものを探していました。
C0426,女性,50代,地方,検索広告,2025-06-19,5.5,解約済み,6980,38390,広告を見て,更年期特有の不調,更年期特有のほてりや気分の浮き沈みがあり、体調管理に不安を感じていました。
C0427,男性,30代,都市部,自然検索,2026-04-16,13.3,継続中,4980,66234,検索して自分で見つけた,肌の調子,肌の調子が不安定で、体の内側からケアできるものを探していました。
C0428,女性,50代,都市部,SNS広告,2024-11-21,4.1,解約済み,4980,20418,SNSで見て,成分・添加物への不安,子どもも口にする可能性があるので、無添加であることを重視しています。
C0429,女性,20代,都市部,SNS広告,2025-11-18,6.3,継続中,4980,31374,SNSで見て,肌の調子,肌の調子が不安定で、体の内側からケアできるものを探していました。
C0430,女性,50代,都市部,自然検索,2026-06-29,2.6,解約済み,4980,12948,検索して自分で見つけた,家族の健康管理,毎日の食事で不足しがちな栄養を、家族分まとめて補いたいと思っていました。
C0431,女性,60代以上,都市部,自然検索,2025-12-16,3.2,継続中,6980,22336,口コミサイトで見て,成分・添加物への不安,子どもも口にする可能性があるので、無添加であることを重視しています。
C0432,女性,50代,地方,自然検索,2024-12-02,1.7,解約済み,4980,8466,検索して自分で見つけた,更年期特有の不調,更年期特有のほてりや気分の浮き沈みがあり、体調管理に不安を感じていました。
C0433,女性,40代,地方,SNS広告,2024-10-30,9.4,解約済み,6980,65612,SNSで見て,家族の健康管理,毎日の食事で不足しがちな栄養を、家族分まとめて補いたいと思っていました。
C0434,男性,50代,地方,友人・家族の紹介,2025-08-24,16.0,継続中,4980,79680,友人・家族の紹介,家族の健康管理,毎日の食事で不足しがちな栄養を、家族分まとめて補いたいと思っていました。
C0435,女性,20代,地方,自然検索,2024-10-02,7.5,継続中,4980,37350,検索して自分で見つけた,成分・添加物への不安,着色料や保存料が入っていないか、購入前に必ず確認するようにしています。
C0436,女性,30代,都市部,友人・家族の紹介,2024-11-28,9.8,解約済み,4980,48804,友人・家族の紹介,成分・添加物への不安,着色料や保存料が入っていないか、購入前に必ず確認するようにしています。
C0437,女性,20代,都市部,SNS広告,2025-01-02,0.7,解約済み,4980,3486,SNSで見て,家族の健康管理,家族全員の健康を考えて、安心して続けられるものを探していました。
C0438,女性,40代,地方,検索広告,2024-12-09,2.3,継続中,4980,11454,広告を見て,成分・添加物への不安,市販のサプリは成分表示が分かりにくく、添加物が気になって続けられませんでした。
C0439,女性,50代,都市部,自然検索,2025-11-08,4.0,継続中,4980,19920,検索して自分で見つけた,慢性的な疲労感,仕事と育児の両立で、朝起きても疲れが取れていない感じがずっと続いています。
C0440,女性,40代,地方,自然検索,2025-02-19,1.6,解約済み,4980,7968,検索して自分で見つけた,慢性的な疲労感,忙しい毎日で、寝ても疲れが抜けにくくなってきました。続けやすいものを探していました。
C0441,女性,50代,地方,検索広告,2025-06-24,0.6,解約済み,4980,2988,広告を見て,更年期特有の不調,この年代特有の体の変化に、食事だけで対応するのが難しいと感じていました。
C0442,女性,30代,都市部,SNS広告,2025-03-17,20.1,継続中,4980,100098,SNSで見て,成分・添加物への不安,市販のサプリは成分表示が分かりにくく、添加物が気になって続けられませんでした。
C0443,女性,50代,都市部,自然検索,2026-03-31,7.7,継続中,4980,38346,検索して自分で見つけた,慢性的な疲労感,仕事と育児の両立で、朝起きても疲れが取れていない感じがずっと続いています。
C0444,女性,30代,都市部,SNS広告,2025-03-09,11.1,継続中,6980,77478,SNSで見て,慢性的な疲労感,仕事と育児の両立で、朝起きても疲れが取れていない感じがずっと続いています。
C0445,女性,30代,都市部,SNS広告,2024-10-01,12.7,継続中,6980,88646,SNSで見て,肌の調子,季節の変わり目に肌荒れしやすく、食事だけでは補いきれないと感じていました。
C0446,女性,40代,都市部,SNS広告,2026-01-03,2.3,解約済み,4980,11454,SNSで見て,成分・添加物への不安,市販のサプリは成分表示が分かりにくく、添加物が気になって続けられませんでした。
C0447,女性,60代以上,都市部,自然検索,2024-09-11,1.6,解約済み,4980,7968,口コミサイトで見て,家族の健康管理,家族全員の健康を考えて、安心して続けられるものを探していました。
C0448,女性,40代,地方,自然検索,2025-11-11,6.6,継続中,4980,32868,口コミサイトで見て,更年期特有の不調,更年期特有のほてりや気分の浮き沈みがあり、体調管理に不安を感じていました。
C0449,男性,20代,地方,SNS広告,2026-03-16,6.4,解約済み,6980,44672,SNSで見て,家族の健康管理,家族全員の健康を考えて、安心して続けられるものを探していました。
C0450,女性,40代,地方,検索広告,2026-05-16,1.0,解約済み,4980,4980,広告を見て,家族の健康管理,家族全員の健康を考えて、安心して続けられるものを探していました。
C0451,女性,20代,都市部,SNS広告,2025-01-30,5.8,解約済み,4980,28884,SNSで見て,成分・添加物への不安,子どもも口にする可能性があるので、無添加であることを重視しています。
C0452,女性,50代,都市部,自然検索,2025-07-10,4.0,解約済み,4980,19920,検索して自分で見つけた,更年期特有の不調,この年代特有の体の変化に、食事だけで対応するのが難しいと感じていました。
C0453,女性,40代,都市部,検索広告,2025-12-31,7.3,継続中,6980,50954,検索して自分で見つけた,慢性的な疲労感,忙しい毎日で、寝ても疲れが抜けにくくなってきました。続けやすいものを探していました。
C0454,女性,30代,都市部,検索広告,2025-06-03,5.9,継続中,4980,29382,広告を見て,家族の健康管理,家族全員の健康を考えて、安心して続けられるものを探していました。
C0455,女性,20代,地方,友人・家族の紹介,2025-12-13,19.3,継続中,4980,96114,SNSで見て,成分・添加物への不安,市販のサプリは成分表示が分かりにくく、添加物が気になって続けられませんでした。
C0456,女性,30代,都市部,検索広告,2025-09-23,3.5,解約済み,4980,17430,広告を見て,成分・添加物への不安,市販のサプリは成分表示が分かりにくく、添加物が気になって続けられませんでした。
C0457,男性,60代以上,都市部,友人・家族の紹介,2024-12-07,2.3,解約済み,4980,11454,友人・家族の紹介,家族の健康管理,家族全員の健康を考えて、安心して続けられるものを探していました。
C0458,女性,30代,地方,自然検索,2025-04-22,17.8,継続中,6980,124244,口コミサイトで見て,慢性的な疲労感,忙しい毎日で、寝ても疲れが抜けにくくなってきました。続けやすいものを探していました。
C0459,女性,50代,都市部,SNS広告,2025-02-15,7.2,継続中,4980,35856,SNSで見て,更年期特有の不調,更年期特有のほてりや気分の浮き沈みがあり、体調管理に不安を感じていました。
C0460,女性,40代,都市部,検索広告,2025-06-20,3.6,解約済み,4980,17928,検索して自分で見つけた,慢性的な疲労感,忙しい毎日で、寝ても疲れが抜けにくくなってきました。続けやすいものを探していました。
C0461,男性,40代,都市部,自然検索,2024-09-08,2.7,解約済み,4980,13446,検索して自分で見つけた,成分・添加物への不安,市販のサプリは成分表示が分かりにくく、添加物が気になって続けられませんでした。
C0462,女性,30代,地方,友人・家族の紹介,2026-02-15,7.0,解約済み,4980,34860,SNSで見て,成分・添加物への不安,着色料や保存料が入っていないか、購入前に必ず確認するようにしています。
C0463,女性,60代以上,地方,自然検索,2026-01-31,2.5,解約済み,4980,12450,検索して自分で見つけた,更年期特有の不調,この年代特有の体の変化に、食事だけで対応するのが難しいと感じていました。
C0464,女性,30代,都市部,SNS広告,2026-05-30,2.7,解約済み,4980,13446,SNSで見て,成分・添加物への不安,市販のサプリは成分表示が分かりにくく、添加物が気になって続けられませんでした。
C0465,女性,40代,地方,自然検索,2025-07-11,0.5,解約済み,6980,3490,口コミサイトで見て,家族の健康管理,家族全員の健康を考えて、安心して続けられるものを探していました。
C0466,男性,40代,地方,SNS広告,2025-05-30,4.8,解約済み,4980,23904,SNSで見て,慢性的な疲労感,忙しい毎日で、寝ても疲れが抜けにくくなってきました。続けやすいものを探していました。
C0467,女性,40代,地方,自然検索,2025-03-12,9.3,解約済み,4980,46314,検索して自分で見つけた,成分・添加物への不安,子どもも口にする可能性があるので、無添加であることを重視しています。
C0468,女性,60代以上,都市部,自然検索,2025-12-11,8.0,継続中,4980,39840,口コミサイトで見て,家族の健康管理,毎日の食事で不足しがちな栄養を、家族分まとめて補いたいと思っていました。
C0469,女性,30代,都市部,自然検索,2026-07-25,12.5,解約済み,4980,62250,検索して自分で見つけた,肌の調子,季節の変わり目に肌荒れしやすく、食事だけでは補いきれないと感じていました。
C0470,女性,40代,地方,友人・家族の紹介,2025-05-17,17.4,継続中,4980,86652,SNSで見て,慢性的な疲労感,年齢のせいか、以前より疲れやすくなった気がしていて悩んでいました。
C0471,男性,30代,都市部,自然検索,2024-09-02,2.5,解約済み,4980,12450,検索して自分で見つけた,家族の健康管理,家族全員の健康を考えて、安心して続けられるものを探していました。
C0472,女性,40代,地方,自然検索,2026-01-08,6.7,解約済み,4980,33366,検索して自分で見つけた,慢性的な疲労感,忙しい毎日で、寝ても疲れが抜けにくくなってきました。続けやすいものを探していました。
C0473,女性,20代,地方,自然検索,2026-03-27,5.6,解約済み,4980,27888,検索して自分で見つけた,肌の調子,肌の調子が不安定で、体の内側からケアできるものを探していました。
C0474,男性,20代,都市部,自然検索,2026-01-17,5.9,解約済み,4980,29382,検索して自分で見つけた,肌の調子,肌の調子が不安定で、体の内側からケアできるものを探していました。
C0475,女性,30代,地方,友人・家族の紹介,2025-10-09,8.7,継続中,4980,43326,SNSで見て,肌の調子,肌の調子が不安定で、体の内側からケアできるものを探していました。
C0476,女性,30代,地方,SNS広告,2026-02-08,8.4,解約済み,4980,41832,SNSで見て,慢性的な疲労感,忙しい毎日で、寝ても疲れが抜けにくくなってきました。続けやすいものを探していました。
C0477,女性,30代,地方,検索広告,2025-12-03,9.0,解約済み,4980,44820,広告を見て,慢性的な疲労感,仕事と育児の両立で、朝起きても疲れが取れていない感じがずっと続いています。
C0478,女性,40代,都市部,SNS広告,2025-05-13,9.7,継続中,6980,67706,SNSで見て,更年期特有の不調,更年期特有のほてりや気分の浮き沈みがあり、体調管理に不安を感じていました。
C0479,女性,40代,地方,友人・家族の紹介,2025-12-04,13.8,解約済み,4980,68724,友人・家族の紹介,慢性的な疲労感,忙しい毎日で、寝ても疲れが抜けにくくなってきました。続けやすいものを探していました。
C0480,女性,30代,都市部,自然検索,2025-10-29,4.3,継続中,4980,21414,検索して自分で見つけた,成分・添加物への不安,着色料や保存料が入っていないか、購入前に必ず確認するようにしています。
C0481,女性,30代,地方,SNS広告,2026-07-05,11.9,継続中,4980,59262,広告を見て,肌の調子,季節の変わり目に肌荒れしやすく、食事だけでは補いきれないと感じていました。
C0482,男性,30代,地方,SNS広告,2024-10-29,8.3,解約済み,4980,41334,広告を見て,成分・添加物への不安,市販のサプリは成分表示が分かりにくく、添加物が気になって続けられませんでした。
C0483,男性,40代,地方,検索広告,2025-10-22,6.9,継続中,4980,34362,検索して自分で見つけた,慢性的な疲労感,年齢のせいか、以前より疲れやすくなった気がしていて悩んでいました。
C0484,女性,30代,都市部,自然検索,2025-12-16,3.5,解約済み,4980,17430,検索して自分で見つけた,慢性的な疲労感,仕事と育児の両立で、朝起きても疲れが取れていない感じがずっと続いています。
C0485,男性,20代,都市部,SNS広告,2026-06-03,8.6,解約済み,4980,42828,SNSで見て,家族の健康管理,毎日の食事で不足しがちな栄養を、家族分まとめて補いたいと思っていました。
C0486,女性,30代,都市部,SNS広告,2025-05-16,5.8,解約済み,4980,28884,SNSで見て,成分・添加物への不安,子どもも口にする可能性があるので、無添加であることを重視しています。
C0487,女性,40代,都市部,友人・家族の紹介,2024-12-06,14.4,解約済み,4980,71712,友人・家族の紹介,慢性的な疲労感,年齢のせいか、以前より疲れやすくなった気がしていて悩んでいました。
C0488,女性,30代,都市部,自然検索,2026-07-05,7.7,継続中,4980,38346,検索して自分で見つけた,慢性的な疲労感,仕事と育児の両立で、朝起きても疲れが取れていない感じがずっと続いています。
C0489,女性,40代,地方,SNS広告,2026-04-23,7.0,解約済み,4980,34860,SNSで見て,慢性的な疲労感,年齢のせいか、以前より疲れやすくなった気がしていて悩んでいました。
C0490,女性,40代,都市部,SNS広告,2026-04-22,5.4,継続中,4980,26892,SNSで見て,家族の健康管理,家族全員の健康を考えて、安心して続けられるものを探していました。
C0491,女性,40代,地方,友人・家族の紹介,2025-06-07,8.1,解約済み,6980,56538,SNSで見て,慢性的な疲労感,年齢のせいか、以前より疲れやすくなった気がしていて悩んでいました。
C0492,女性,40代,地方,自然検索,2024-10-27,3.9,解約済み,4980,19422,口コミサイトで見て,慢性的な疲労感,忙しい毎日で、寝ても疲れが抜けにくくなってきました。続けやすいものを探していました。
C0493,女性,40代,都市部,自然検索,2025-09-30,4.3,解約済み,4980,21414,口コミサイトで見て,成分・添加物への不安,着色料や保存料が入っていないか、購入前に必ず確認するようにしています。
C0494,女性,30代,地方,SNS広告,2025-12-05,10.7,解約済み,4980,53286,SNSで見て,慢性的な疲労感,忙しい毎日で、寝ても疲れが抜けにくくなってきました。続けやすいものを探していました。
C0495,女性,50代,地方,検索広告,2025-02-12,0.5,解約済み,4980,2490,検索して自分で見つけた,成分・添加物への不安,市販のサプリは成分表示が分かりにくく、添加物が気になって続けられませんでした。
C0496,女性,40代,都市部,SNS広告,2025-03-01,11.4,解約済み,6980,79572,SNSで見て,家族の健康管理,毎日の食事で不足しがちな栄養を、家族分まとめて補いたいと思っていました。
C0497,女性,30代,都市部,自然検索,2026-02-11,10.9,継続中,4980,54282,検索して自分で見つけた,肌の調子,季節の変わり目に肌荒れしやすく、食事だけでは補いきれないと感じていました。
C0498,女性,40代,地方,SNS広告,2026-04-12,5.5,解約済み,4980,27390,SNSで見て,慢性的な疲労感,年齢のせいか、以前より疲れやすくなった気がしていて悩んでいました。
C0499,男性,30代,地方,SNS広告,2025-11-25,8.6,解約済み,6980,60028,SNSで見て,成分・添加物への不安,子どもも口にする可能性があるので、無添加であることを重視しています。
C0500,女性,40代,地方,自然検索,2025-02-06,2.4,継続中,4980,11952,検索して自分で見つけた,慢性的な疲労感,年齢のせいか、以前より疲れやすくなった気がしていて悩んでいました。
C0501,女性,50代,地方,友人・家族の紹介,2025-04-03,9.6,継続中,4980,47808,友人・家族の紹介,慢性的な疲労感,年齢のせいか、以前より疲れやすくなった気がしていて悩んでいました。
C0502,女性,50代,地方,自然検索,2025-04-23,2.1,解約済み,4980,10458,検索して自分で見つけた,更年期特有の不調,更年期特有のほてりや気分の浮き沈みがあり、体調管理に不安を感じていました。
C0503,女性,60代以上,都市部,自然検索,2024-12-30,0.1,解約済み,4980,498,検索して自分で見つけた,更年期特有の不調,この年代特有の体の変化に、食事だけで対応するのが難しいと感じていました。
C0504,女性,40代,地方,検索広告,2026-01-21,8.7,解約済み,4980,43326,検索して自分で見つけた,更年期特有の不調,更年期特有のほてりや気分の浮き沈みがあり、体調管理に不安を感じていました。
C0505,女性,40代,都市部,検索広告,2025-12-08,1.5,解約済み,4980,7470,広告を見て,家族の健康管理,毎日の食事で不足しがちな栄養を、家族分まとめて補いたいと思っていました。
C0506,女性,50代,地方,検索広告,2026-07-04,2.4,解約済み,4980,11952,広告を見て,慢性的な疲労感,忙しい毎日で、寝ても疲れが抜けにくくなってきました。続けやすいものを探していました。
C0507,女性,30代,都市部,検索広告,2024-12-02,5.4,継続中,4980,26892,広告を見て,家族の健康管理,家族全員の健康を考えて、安心して続けられるものを探していました。
C0508,女性,50代,都市部,自然検索,2025-06-21,5.9,継続中,4980,29382,口コミサイトで見て,更年期特有の不調,この年代特有の体の変化に、食事だけで対応するのが難しいと感じていました。
C0509,男性,40代,地方,自然検索,2026-01-06,5.5,解約済み,4980,27390,検索して自分で見つけた,慢性的な疲労感,仕事と育児の両立で、朝起きても疲れが取れていない感じがずっと続いています。
C0510,女性,20代,都市部,自然検索,2026-06-15,4.7,継続中,4980,23406,検索して自分で見つけた,更年期特有の不調,この年代特有の体の変化に、食事だけで対応するのが難しいと感じていました。
C0511,女性,20代,地方,友人・家族の紹介,2025-03-14,5.4,継続中,4980,26892,友人・家族の紹介,慢性的な疲労感,忙しい毎日で、寝ても疲れが抜けにくくなってきました。続けやすいものを探していました。
C0512,女性,50代,都市部,SNS広告,2025-02-24,1.3,解約済み,4980,6474,SNSで見て,更年期特有の不調,更年期特有のほてりや気分の浮き沈みがあり、体調管理に不安を感じていました。
C0513,女性,20代,地方,SNS広告,2025-04-23,5.0,解約済み,6980,34900,SNSで見て,肌の調子,季節の変わり目に肌荒れしやすく、食事だけでは補いきれないと感じていました。
C0514,男性,30代,地方,SNS広告,2026-03-13,11.8,継続中,4980,58764,SNSで見て,慢性的な疲労感,仕事と育児の両立で、朝起きても疲れが取れていない感じがずっと続いています。
C0515,男性,30代,都市部,SNS広告,2024-11-01,3.2,継続中,4980,15936,SNSで見て,家族の健康管理,毎日の食事で不足しがちな栄養を、家族分まとめて補いたいと思っていました。
C0516,女性,30代,地方,SNS広告,2025-02-21,8.9,解約済み,4980,44322,SNSで見て,慢性的な疲労感,仕事と育児の両立で、朝起きても疲れが取れていない感じがずっと続いています。
C0517,女性,30代,都市部,SNS広告,2025-04-29,24.0,継続中,4980,119520,SNSで見て,更年期特有の不調,更年期特有のほてりや気分の浮き沈みがあり、体調管理に不安を感じていました。
C0518,女性,50代,地方,自然検索,2025-05-04,3.9,解約済み,4980,19422,検索して自分で見つけた,慢性的な疲労感,仕事と育児の両立で、朝起きても疲れが取れていない感じがずっと続いています。
C0519,女性,20代,地方,SNS広告,2024-11-07,4.9,解約済み,6980,34202,SNSで見て,慢性的な疲労感,仕事と育児の両立で、朝起きても疲れが取れていない感じがずっと続いています。
C0520,男性,50代,地方,友人・家族の紹介,2024-10-22,1.5,継続中,4980,7470,友人・家族の紹介,成分・添加物への不安,市販のサプリは成分表示が分かりにくく、添加物が気になって続けられませんでした。
C0521,女性,50代,都市部,SNS広告,2025-06-12,2.0,解約済み,4980,9960,SNSで見て,家族の健康管理,毎日の食事で不足しがちな栄養を、家族分まとめて補いたいと思っていました。
C0522,女性,30代,都市部,SNS広告,2025-10-15,3.8,継続中,6980,26524,SNSで見て,慢性的な疲労感,年齢のせいか、以前より疲れやすくなった気がしていて悩んでいました。
C0523,女性,30代,地方,SNS広告,2025-11-21,11.4,継続中,4980,56772,SNSで見て,家族の健康管理,毎日の食事で不足しがちな栄養を、家族分まとめて補いたいと思っていました。
C0524,女性,40代,都市部,SNS広告,2025-01-06,3.0,継続中,6980,20940,SNSで見て,慢性的な疲労感,仕事と育児の両立で、朝起きても疲れが取れていない感じがずっと続いています。
C0525,女性,20代,都市部,SNS広告,2025-05-08,6.7,解約済み,4980,33366,SNSで見て,肌の調子,季節の変わり目に肌荒れしやすく、食事だけでは補いきれないと感じていました。
C0526,女性,30代,都市部,友人・家族の紹介,2026-06-09,5.0,継続中,4980,24900,友人・家族の紹介,慢性的な疲労感,忙しい毎日で、寝ても疲れが抜けにくくなってきました。続けやすいものを探していました。
C0527,女性,60代以上,都市部,自然検索,2026-04-25,0.8,解約済み,6980,5584,検索して自分で見つけた,慢性的な疲労感,忙しい毎日で、寝ても疲れが抜けにくくなってきました。続けやすいものを探していました。
C0528,女性,60代以上,地方,検索広告,2024-11-10,2.8,解約済み,4980,13944,広告を見て,家族の健康管理,毎日の食事で不足しがちな栄養を、家族分まとめて補いたいと思っていました。
C0529,女性,50代,都市部,自然検索,2024-11-21,3.1,解約済み,4980,15438,検索して自分で見つけた,肌の調子,肌の調子が不安定で、体の内側からケアできるものを探していました。
C0530,男性,30代,都市部,検索広告,2024-10-05,6.6,継続中,4980,32868,広告を見て,成分・添加物への不安,着色料や保存料が入っていないか、購入前に必ず確認するようにしています。
C0531,男性,40代,地方,自然検索,2025-10-07,1.2,継続中,4980,5976,口コミサイトで見て,成分・添加物への不安,子どもも口にする可能性があるので、無添加であることを重視しています。
C0532,女性,40代,都市部,検索広告,2025-01-31,0.3,解約済み,4980,1494,広告を見て,成分・添加物への不安,着色料や保存料が入っていないか、購入前に必ず確認するようにしています。
C0533,女性,30代,地方,友人・家族の紹介,2024-12-31,10.1,継続中,4980,50298,友人・家族の紹介,成分・添加物への不安,子どもも口にする可能性があるので、無添加であることを重視しています。
C0534,女性,40代,都市部,SNS広告,2025-12-25,2.4,解約済み,4980,11952,広告を見て,家族の健康管理,毎日の食事で不足しがちな栄養を、家族分まとめて補いたいと思っていました。
C0535,男性,20代,地方,SNS広告,2026-04-23,5.5,解約済み,4980,27390,SNSで見て,肌の調子,季節の変わり目に肌荒れしやすく、食事だけでは補いきれないと感じていました。
C0536,女性,30代,地方,自然検索,2024-09-04,6.9,解約済み,4980,34362,検索して自分で見つけた,成分・添加物への不安,市販のサプリは成分表示が分かりにくく、添加物が気になって続けられませんでした。
C0537,女性,40代,地方,友人・家族の紹介,2026-07-12,8.4,解約済み,4980,41832,友人・家族の紹介,肌の調子,肌の調子が不安定で、体の内側からケアできるものを探していました。
C0538,女性,30代,都市部,SNS広告,2025-06-10,15.5,継続中,4980,77190,広告を見て,成分・添加物への不安,着色料や保存料が入っていないか、購入前に必ず確認するようにしています。
C0539,女性,30代,都市部,検索広告,2025-05-04,6.1,解約済み,4980,30378,検索して自分で見つけた,成分・添加物への不安,着色料や保存料が入っていないか、購入前に必ず確認するようにしています。
C0540,女性,50代,地方,SNS広告,2025-04-12,17.7,継続中,4980,88146,SNSで見て,更年期特有の不調,この年代特有の体の変化に、食事だけで対応するのが難しいと感じていました。
C0541,女性,60代以上,都市部,検索広告,2026-02-05,1.3,解約済み,4980,6474,検索して自分で見つけた,更年期特有の不調,更年期特有のほてりや気分の浮き沈みがあり、体調管理に不安を感じていました。
C0542,女性,40代,都市部,SNS広告,2025-03-15,2.0,解約済み,4980,9960,SNSで見て,更年期特有の不調,この年代特有の体の変化に、食事だけで対応するのが難しいと感じていました。
C0543,女性,50代,都市部,自然検索,2026-03-04,2.4,解約済み,4980,11952,検索して自分で見つけた,家族の健康管理,毎日の食事で不足しがちな栄養を、家族分まとめて補いたいと思っていました。
C0544,女性,60代以上,地方,自然検索,2024-12-30,2.7,解約済み,4980,13446,検索して自分で見つけた,家族の健康管理,毎日の食事で不足しがちな栄養を、家族分まとめて補いたいと思っていました。
C0545,女性,30代,地方,自然検索,2026-03-02,21.6,継続中,4980,107568,検索して自分で見つけた,更年期特有の不調,この年代特有の体の変化に、食事だけで対応するのが難しいと感じていました。
C0546,女性,30代,地方,SNS広告,2025-04-02,7.9,継続中,6980,55142,SNSで見て,成分・添加物への不安,子どもも口にする可能性があるので、無添加であることを重視しています。
C0547,女性,30代,地方,友人・家族の紹介,2025-01-31,19.5,継続中,6980,136110,SNSで見て,肌の調子,季節の変わり目に肌荒れしやすく、食事だけでは補いきれないと感じていました。
C0548,女性,20代,都市部,自然検索,2026-03-23,2.7,解約済み,4980,13446,検索して自分で見つけた,慢性的な疲労感,忙しい毎日で、寝ても疲れが抜けにくくなってきました。続けやすいものを探していました。
C0549,女性,50代,都市部,SNS広告,2026-02-17,3.5,解約済み,6980,24430,SNSで見て,更年期特有の不調,更年期特有のほてりや気分の浮き沈みがあり、体調管理に不安を感じていました。
C0550,男性,30代,都市部,SNS広告,2025-02-03,1.6,解約済み,6980,11168,SNSで見て,慢性的な疲労感,年齢のせいか、以前より疲れやすくなった気がしていて悩んでいました。
C0551,女性,40代,地方,SNS広告,2026-06-03,22.6,継続中,4980,112548,SNSで見て,慢性的な疲労感,仕事と育児の両立で、朝起きても疲れが取れていない感じがずっと続いています。
C0552,男性,30代,都市部,友人・家族の紹介,2026-03-22,24.0,継続中,4980,119520,友人・家族の紹介,家族の健康管理,毎日の食事で不足しがちな栄養を、家族分まとめて補いたいと思っていました。
C0553,女性,30代,地方,SNS広告,2025-09-18,9.0,継続中,4980,44820,広告を見て,家族の健康管理,毎日の食事で不足しがちな栄養を、家族分まとめて補いたいと思っていました。
C0554,女性,60代以上,地方,自然検索,2024-10-20,2.8,解約済み,4980,13944,検索して自分で見つけた,更年期特有の不調,この年代特有の体の変化に、食事だけで対応するのが難しいと感じていました。
C0555,女性,20代,都市部,SNS広告,2025-07-05,5.4,継続中,4980,26892,SNSで見て,成分・添加物への不安,着色料や保存料が入っていないか、購入前に必ず確認するようにしています。
C0556,女性,30代,都市部,自然検索,2025-11-04,1.8,解約済み,4980,8964,検索して自分で見つけた,成分・添加物への不安,子どもも口にする可能性があるので、無添加であることを重視しています。
C0557,女性,30代,都市部,検索広告,2024-09-17,6.6,解約済み,4980,32868,検索して自分で見つけた,成分・添加物への不安,市販のサプリは成分表示が分かりにくく、添加物が気になって続けられませんでした。
C0558,女性,40代,地方,自然検索,2025-09-12,13.4,解約済み,6980,93532,口コミサイトで見て,更年期特有の不調,この年代特有の体の変化に、食事だけで対応するのが難しいと感じていました。
C0559,女性,40代,地方,友人・家族の紹介,2025-10-03,21.3,継続中,4980,106074,友人・家族の紹介,家族の健康管理,毎日の食事で不足しがちな栄養を、家族分まとめて補いたいと思っていました。
C0560,女性,40代,地方,SNS広告,2025-10-18,1.4,解約済み,4980,6972,SNSで見て,慢性的な疲労感,年齢のせいか、以前より疲れやすくなった気がしていて悩んでいました。
C0561,女性,20代,都市部,自然検索,2025-12-27,7.9,継続中,4980,39342,検索して自分で見つけた,成分・添加物への不安,子どもも口にする可能性があるので、無添加であることを重視しています。
C0562,女性,30代,都市部,SNS広告,2025-12-18,2.2,解約済み,4980,10956,広告を見て,慢性的な疲労感,忙しい毎日で、寝ても疲れが抜けにくくなってきました。続けやすいものを探していました。
C0563,女性,50代,都市部,自然検索,2025-04-08,0.4,解約済み,6980,2792,口コミサイトで見て,慢性的な疲労感,仕事と育児の両立で、朝起きても疲れが取れていない感じがずっと続いています。
C0564,女性,40代,都市部,友人・家族の紹介,2026-07-05,18.0,継続中,4980,89640,SNSで見て,成分・添加物への不安,着色料や保存料が入っていないか、購入前に必ず確認するようにしています。
C0565,女性,40代,都市部,自然検索,2025-04-12,3.6,継続中,4980,17928,検索して自分で見つけた,慢性的な疲労感,仕事と育児の両立で、朝起きても疲れが取れていない感じがずっと続いています。
C0566,男性,40代,都市部,自然検索,2026-03-15,10.6,解約済み,4980,52788,検索して自分で見つけた,慢性的な疲労感,仕事と育児の両立で、朝起きても疲れが取れていない感じがずっと続いています。
C0567,女性,50代,地方,検索広告,2025-11-07,4.6,継続中,4980,22908,広告を見て,成分・添加物への不安,子どもも口にする可能性があるので、無添加であることを重視しています。
C0568,女性,20代,都市部,SNS広告,2026-04-22,8.4,解約済み,4980,41832,SNSで見て,慢性的な疲労感,忙しい毎日で、寝ても疲れが抜けにくくなってきました。続けやすいものを探していました。
C0569,女性,30代,都市部,SNS広告,2025-07-12,8.0,解約済み,6980,55840,SNSで見て,肌の調子,季節の変わり目に肌荒れしやすく、食事だけでは補いきれないと感じていました。
C0570,女性,40代,地方,自然検索,2025-03-10,1.8,解約済み,4980,8964,検索して自分で見つけた,慢性的な疲労感,年齢のせいか、以前より疲れやすくなった気がしていて悩んでいました。
C0571,女性,30代,地方,検索広告,2025-11-27,3.7,継続中,4980,18426,広告を見て,家族の健康管理,家族全員の健康を考えて、安心して続けられるものを探していました。
C0572,女性,50代,地方,検索広告,2026-04-10,6.5,継続中,4980,32370,検索して自分で見つけた,慢性的な疲労感,年齢のせいか、以前より疲れやすくなった気がしていて悩んでいました。
C0573,女性,40代,地方,検索広告,2026-02-25,7.5,継続中,4980,37350,検索して自分で見つけた,慢性的な疲労感,忙しい毎日で、寝ても疲れが抜けにくくなってきました。続けやすいものを探していました。
C0574,女性,50代,地方,検索広告,2025-01-07,2.1,継続中,4980,10458,検索して自分で見つけた,慢性的な疲労感,忙しい毎日で、寝ても疲れが抜けにくくなってきました。続けやすいものを探していました。
C0575,女性,50代,地方,自然検索,2026-01-27,3.4,解約済み,4980,16932,口コミサイトで見て,更年期特有の不調,更年期特有のほてりや気分の浮き沈みがあり、体調管理に不安を感じていました。
C0576,女性,40代,都市部,SNS広告,2025-02-06,10.5,継続中,4980,52290,SNSで見て,慢性的な疲労感,忙しい毎日で、寝ても疲れが抜けにくくなってきました。続けやすいものを探していました。
C0577,女性,60代以上,地方,友人・家族の紹介,2025-12-14,7.1,解約済み,4980,35358,友人・家族の紹介,更年期特有の不調,この年代特有の体の変化に、食事だけで対応するのが難しいと感じていました。
C0578,女性,40代,都市部,自然検索,2026-03-23,4.7,継続中,6980,32806,検索して自分で見つけた,慢性的な疲労感,忙しい毎日で、寝ても疲れが抜けにくくなってきました。続けやすいものを探していました。
C0579,女性,50代,都市部,SNS広告,2025-03-11,8.0,解約済み,4980,39840,SNSで見て,家族の健康管理,家族全員の健康を考えて、安心して続けられるものを探していました。
C0580,女性,30代,都市部,自然検索,2025-09-09,9.1,継続中,4980,45318,検索して自分で見つけた,慢性的な疲労感,仕事と育児の両立で、朝起きても疲れが取れていない感じがずっと続いています。
C0581,女性,40代,都市部,友人・家族の紹介,2026-07-12,4.9,解約済み,4980,24402,友人・家族の紹介,成分・添加物への不安,着色料や保存料が入っていないか、購入前に必ず確認するようにしています。
C0582,女性,40代,地方,SNS広告,2024-09-30,8.7,継続中,4980,43326,広告を見て,家族の健康管理,家族全員の健康を考えて、安心して続けられるものを探していました。
C0583,女性,20代,都市部,SNS広告,2026-04-21,6.9,解約済み,4980,34362,SNSで見て,成分・添加物への不安,着色料や保存料が入っていないか、購入前に必ず確認するようにしています。
C0584,女性,30代,都市部,SNS広告,2025-11-28,7.6,解約済み,4980,37848,広告を見て,慢性的な疲労感,年齢のせいか、以前より疲れやすくなった気がしていて悩んでいました。
C0585,女性,60代以上,都市部,SNS広告,2025-11-06,2.5,継続中,4980,12450,広告を見て,家族の健康管理,家族全員の健康を考えて、安心して続けられるものを探していました。
C0586,女性,40代,地方,自然検索,2025-08-25,4.2,継続中,4980,20916,口コミサイトで見て,慢性的な疲労感,仕事と育児の両立で、朝起きても疲れが取れていない感じがずっと続いています。
C0587,女性,30代,都市部,友人・家族の紹介,2025-01-30,4.1,解約済み,4980,20418,友人・家族の紹介,慢性的な疲労感,仕事と育児の両立で、朝起きても疲れが取れていない感じがずっと続いています。
C0588,男性,30代,地方,SNS広告,2026-07-29,10.0,継続中,4980,49800,広告を見て,成分・添加物への不安,子どもも口にする可能性があるので、無添加であることを重視しています。
C0589,女性,30代,地方,自然検索,2024-10-19,1.4,解約済み,4980,6972,口コミサイトで見て,慢性的な疲労感,年齢のせいか、以前より疲れやすくなった気がしていて悩んでいました。
C0590,女性,20代,都市部,SNS広告,2025-05-07,13.8,解約済み,4980,68724,広告を見て,家族の健康管理,家族全員の健康を考えて、安心して続けられるものを探していました。
C0591,女性,60代以上,地方,自然検索,2024-10-06,8.0,解約済み,4980,39840,検索して自分で見つけた,家族の健康管理,家族全員の健康を考えて、安心して続けられるものを探していました。
C0592,女性,30代,都市部,自然検索,2025-01-07,8.8,継続中,4980,43824,検索して自分で見つけた,成分・添加物への不安,子どもも口にする可能性があるので、無添加であることを重視しています。
C0593,男性,30代,都市部,SNS広告,2024-10-22,14.4,継続中,4980,71712,広告を見て,慢性的な疲労感,年齢のせいか、以前より疲れやすくなった気がしていて悩んでいました。
C0594,男性,40代,地方,SNS広告,2025-06-08,12.2,継続中,6980,85156,SNSで見て,更年期特有の不調,この年代特有の体の変化に、食事だけで対応するのが難しいと感じていました。
C0595,男性,20代,地方,検索広告,2025-11-25,2.4,解約済み,4980,11952,広告を見て,肌の調子,肌の調子が不安定で、体の内側からケアできるものを探していました。
C0596,女性,30代,都市部,友人・家族の紹介,2025-09-26,8.1,継続中,4980,40338,友人・家族の紹介,慢性的な疲労感,年齢のせいか、以前より疲れやすくなった気がしていて悩んでいました。
C0597,女性,40代,都市部,SNS広告,2025-04-29,5.4,解約済み,4980,26892,SNSで見て,家族の健康管理,毎日の食事で不足しがちな栄養を、家族分まとめて補いたいと思っていました。
C0598,女性,40代,都市部,SNS広告,2025-10-08,18.9,継続中,4980,94122,SNSで見て,成分・添加物への不安,着色料や保存料が入っていないか、購入前に必ず確認するようにしています。
C0599,女性,60代以上,都市部,検索広告,2025-03-08,0.9,継続中,4980,4482,検索して自分で見つけた,家族の健康管理,家族全員の健康を考えて、安心して続けられるものを探していました。
C0600,女性,40代,地方,自然検索,2026-05-30,2.9,継続中,6980,20242,口コミサイトで見て,慢性的な疲労感,年齢のせいか、以前より疲れやすくなった気がしていて悩んでいました。
