session_id,channel,visit_date,reached_pain_section,diagnostic_started,diagnostic_completed,diagnostic_result_type,cta_click,conversion
S00001,検索広告,2026-08-19,0,0,0,,0,0
S00002,自然検索,2026-08-03,1,1,1,rest,0,0
S00003,自然検索,2026-07-07,1,0,0,,0,0
S00004,SNS広告,2026-07-20,1,0,0,,1,1
S00005,SNS広告,2026-07-30,1,1,1,reset,0,0
S00006,自然検索,2026-08-01,0,0,0,,0,0
S00007,SNS広告,2026-07-22,1,0,0,,0,0
S00008,自然検索,2026-07-26,1,0,0,,0,0
S00009,自然検索,2026-08-12,0,0,0,,0,0
S00010,SNS広告,2026-08-27,1,0,0,,0,0
S00011,SNS広告,2026-08-20,0,0,0,,0,0
S00012,SNS広告,2026-07-17,1,1,1,rest,1,1
S00013,SNS広告,2026-07-25,1,0,0,,1,1
S00014,SNS広告,2026-07-16,0,0,0,,0,0
S00015,SNS広告,2026-08-30,1,0,0,,0,0
S00016,検索広告,2026-07-09,0,0,0,,0,0
S00017,紹介,2026-08-10,1,1,0,,0,0
S00018,自然検索,2026-07-08,1,0,0,,0,0
S00019,検索広告,2026-07-28,0,0,0,,0,0
S00020,紹介,2026-07-31,1,0,0,,0,0
S00021,SNS広告,2026-07-14,1,0,0,,0,0
S00022,SNS広告,2026-07-26,1,0,0,,0,0
S00023,検索広告,2026-07-23,0,0,0,,0,0
S00024,SNS広告,2026-08-23,1,0,0,,0,0
S00025,SNS広告,2026-07-27,1,1,1,reset,1,0
S00026,SNS広告,2026-08-11,0,0,0,,0,0
S00027,SNS広告,2026-08-28,1,0,0,,0,0
S00028,自然検索,2026-08-25,0,0,0,,0,0
S00029,検索広告,2026-08-04,0,0,0,,0,0
S00030,SNS広告,2026-08-17,1,1,1,reset,1,1
S00031,SNS広告,2026-07-18,0,0,0,,0,0
S00032,SNS広告,2026-08-25,1,0,0,,0,0
S00033,SNS広告,2026-09-01,1,1,1,reset,0,0
S00034,SNS広告,2026-07-04,1,0,0,,0,0
S00035,検索広告,2026-08-14,1,1,1,rest,1,1
S00036,SNS広告,2026-08-02,1,1,1,rest,0,0
S00037,SNS広告,2026-08-20,0,0,0,,0,0
S00038,SNS広告,2026-08-20,1,0,0,,1,0
S00039,自然検索,2026-08-08,1,0,0,,0,0
S00040,SNS広告,2026-07-16,0,0,0,,0,0
S00041,SNS広告,2026-08-30,1,0,0,,1,0
S00042,自然検索,2026-07-13,1,0,0,,0,0
S00043,SNS広告,2026-07-04,1,0,0,,0,0
S00044,自然検索,2026-07-30,1,1,1,rest,0,0
S00045,検索広告,2026-08-11,0,0,0,,0,0
S00046,検索広告,2026-08-18,0,0,0,,0,0
S00047,SNS広告,2026-08-22,1,0,0,,0,0
S00048,SNS広告,2026-08-13,1,0,0,,0,0
S00049,SNS広告,2026-07-12,1,0,0,,1,0
S00050,自然検索,2026-09-01,1,0,0,,1,0
S00051,SNS広告,2026-07-16,1,0,0,,0,0
S00052,検索広告,2026-07-23,1,0,0,,0,0
S00053,SNS広告,2026-08-31,1,0,0,,1,1
S00054,SNS広告,2026-08-28,0,0,0,,0,0
S00055,SNS広告,2026-07-19,1,0,0,,1,0
S00056,SNS広告,2026-07-23,1,0,0,,1,1
S00057,自然検索,2026-08-14,1,0,0,,1,0
S00058,SNS広告,2026-07-12,1,0,0,,0,0
S00059,紹介,2026-08-20,0,0,0,,0,0
S00060,検索広告,2026-08-07,1,0,0,,0,0
S00061,検索広告,2026-08-26,1,0,0,,0,0
S00062,検索広告,2026-07-25,1,0,0,,0,0
S00063,検索広告,2026-08-27,1,0,0,,1,1
S00064,SNS広告,2026-08-22,1,0,0,,0,0
S00065,SNS広告,2026-07-18,1,0,0,,0,0
S00066,SNS広告,2026-08-02,0,0,0,,0,0
S00067,SNS広告,2026-07-24,1,0,0,,0,0
S00068,SNS広告,2026-07-19,0,0,0,,0,0
S00069,紹介,2026-07-27,1,0,0,,0,0
S00070,SNS広告,2026-08-21,1,0,0,,0,0
S00071,検索広告,2026-07-22,0,0,0,,0,0
S00072,SNS広告,2026-08-26,0,0,0,,0,0
S00073,自然検索,2026-08-16,1,0,0,,0,0
S00074,検索広告,2026-08-06,0,0,0,,0,0
S00075,SNS広告,2026-08-26,1,0,0,,1,1
S00076,自然検索,2026-08-26,1,0,0,,0,0
S00077,紹介,2026-07-24,1,1,1,reset,0,0
S00078,自然検索,2026-07-19,1,0,0,,0,0
S00079,検索広告,2026-08-10,0,0,0,,0,0
S00080,SNS広告,2026-08-09,1,0,0,,0,0
S00081,SNS広告,2026-08-20,1,0,0,,1,1
S00082,自然検索,2026-08-01,0,0,0,,0,0
S00083,検索広告,2026-07-29,1,0,0,,1,1
S00084,SNS広告,2026-07-07,0,0,0,,0,0
S00085,自然検索,2026-08-30,1,0,0,,0,0
S00086,検索広告,2026-07-09,1,0,0,,0,0
S00087,検索広告,2026-07-04,1,0,0,,0,0
S00088,SNS広告,2026-08-12,1,0,0,,1,0
S00089,SNS広告,2026-07-20,1,1,1,reset,0,0
S00090,SNS広告,2026-07-14,1,0,0,,0,0
S00091,SNS広告,2026-07-24,1,0,0,,0,0
S00092,自然検索,2026-08-15,1,1,1,overwork,1,0
S00093,SNS広告,2026-07-26,0,0,0,,0,0
S00094,SNS広告,2026-07-11,1,0,0,,0,0
S00095,SNS広告,2026-08-26,1,1,0,,0,0
S00096,自然検索,2026-08-04,1,1,0,,0,0
S00097,SNS広告,2026-08-31,1,1,0,,1,0
S00098,SNS広告,2026-07-13,1,1,1,reset,0,0
S00099,SNS広告,2026-07-17,1,0,0,,0,0
S00100,SNS広告,2026-08-30,0,0,0,,0,0
S00101,紹介,2026-07-19,1,0,0,,0,0
S00102,検索広告,2026-07-22,0,0,0,,0,0
S00103,SNS広告,2026-08-25,0,0,0,,0,0
S00104,SNS広告,2026-08-01,1,1,1,overwork,0,0
S00105,自然検索,2026-07-22,1,0,0,,0,0
S00106,SNS広告,2026-08-12,1,1,1,reset,0,0
S00107,検索広告,2026-08-02,1,0,0,,0,0
S00108,検索広告,2026-07-05,1,0,0,,0,0
S00109,SNS広告,2026-07-25,0,0,0,,0,0
S00110,SNS広告,2026-08-02,1,1,0,,1,1
S00111,自然検索,2026-08-29,1,1,0,,0,0
S00112,自然検索,2026-08-25,0,0,0,,0,0
S00113,SNS広告,2026-07-12,1,0,0,,1,1
S00114,紹介,2026-07-19,1,1,0,,0,0
S00115,SNS広告,2026-07-13,1,1,1,rest,1,0
S00116,自然検索,2026-07-29,1,0,0,,1,1
S00117,自然検索,2026-07-29,0,0,0,,0,0
S00118,SNS広告,2026-08-01,1,1,0,,0,0
S00119,SNS広告,2026-07-19,1,1,0,,0,0
S00120,自然検索,2026-08-13,0,0,0,,0,0
S00121,SNS広告,2026-08-03,1,1,1,rest,1,1
S00122,検索広告,2026-08-04,0,0,0,,0,0
S00123,自然検索,2026-07-24,1,1,1,overwork,0,0
S00124,SNS広告,2026-08-20,1,0,0,,0,0
S00125,検索広告,2026-08-31,1,0,0,,0,0
S00126,SNS広告,2026-08-27,1,1,1,reset,0,0
S00127,SNS広告,2026-08-22,0,0,0,,0,0
S00128,SNS広告,2026-07-12,1,0,0,,0,0
S00129,SNS広告,2026-07-20,1,0,0,,1,0
S00130,SNS広告,2026-07-19,0,0,0,,0,0
S00131,紹介,2026-08-06,1,1,0,,0,0
S00132,検索広告,2026-08-26,1,0,0,,0,0
S00133,SNS広告,2026-08-05,1,0,0,,0,0
S00134,SNS広告,2026-07-12,1,1,1,rest,1,1
S00135,紹介,2026-08-02,1,0,0,,0,0
S00136,SNS広告,2026-07-26,0,0,0,,0,0
S00137,紹介,2026-08-10,1,0,0,,1,1
S00138,SNS広告,2026-08-23,0,0,0,,0,0
S00139,SNS広告,2026-07-26,0,0,0,,0,0
S00140,自然検索,2026-08-03,0,0,0,,0,0
S00141,検索広告,2026-08-12,0,0,0,,0,0
S00142,検索広告,2026-08-17,1,1,1,reset,0,0
S00143,SNS広告,2026-07-22,1,1,1,overwork,0,0
S00144,自然検索,2026-08-13,1,0,0,,0,0
S00145,SNS広告,2026-07-29,1,1,0,,1,0
S00146,自然検索,2026-08-17,1,0,0,,0,0
S00147,SNS広告,2026-07-18,0,0,0,,0,0
S00148,SNS広告,2026-08-10,0,0,0,,0,0
S00149,SNS広告,2026-08-04,1,0,0,,1,0
S00150,紹介,2026-07-08,1,1,1,reset,1,1
S00151,SNS広告,2026-07-20,1,1,0,,1,0
S00152,自然検索,2026-07-19,1,0,0,,1,1
S00153,検索広告,2026-08-12,0,0,0,,0,0
S00154,検索広告,2026-07-13,1,1,1,rest,0,0
S00155,検索広告,2026-08-09,1,0,0,,0,0
S00156,紹介,2026-07-04,1,0,0,,1,0
S00157,SNS広告,2026-07-10,1,1,1,overwork,0,0
S00158,SNS広告,2026-07-24,0,0,0,,0,0
S00159,SNS広告,2026-07-14,1,0,0,,1,0
S00160,SNS広告,2026-07-31,1,1,0,,1,1
S00161,SNS広告,2026-07-20,1,0,0,,0,0
S00162,自然検索,2026-08-25,1,1,1,reset,0,0
S00163,自然検索,2026-07-04,1,1,1,rest,0,0
S00164,SNS広告,2026-07-15,1,1,1,rest,0,0
S00165,検索広告,2026-08-24,1,0,0,,0,0
S00166,SNS広告,2026-08-18,1,1,1,overwork,0,0
S00167,検索広告,2026-07-29,1,0,0,,0,0
S00168,検索広告,2026-07-18,0,0,0,,0,0
S00169,SNS広告,2026-08-24,0,0,0,,0,0
S00170,紹介,2026-07-06,1,0,0,,0,0
S00171,SNS広告,2026-08-12,0,0,0,,0,0
S00172,検索広告,2026-07-04,0,0,0,,0,0
S00173,検索広告,2026-07-18,1,0,0,,0,0
S00174,SNS広告,2026-08-03,1,1,1,rest,0,0
S00175,SNS広告,2026-08-11,1,0,0,,0,0
S00176,SNS広告,2026-08-27,1,0,0,,0,0
S00177,自然検索,2026-08-27,1,1,1,overwork,1,1
S00178,自然検索,2026-07-26,1,0,0,,0,0
S00179,検索広告,2026-07-17,1,0,0,,0,0
S00180,SNS広告,2026-07-09,1,1,1,rest,0,0
S00181,自然検索,2026-08-11,0,0,0,,0,0
S00182,自然検索,2026-07-07,1,1,1,reset,0,0
S00183,自然検索,2026-08-15,1,0,0,,0,0
S00184,SNS広告,2026-07-07,1,0,0,,0,0
S00185,自然検索,2026-07-08,1,1,0,,0,0
S00186,SNS広告,2026-08-23,0,0,0,,0,0
S00187,SNS広告,2026-07-12,1,0,0,,0,0
S00188,SNS広告,2026-07-21,1,0,0,,1,1
S00189,SNS広告,2026-07-21,1,0,0,,0,0
S00190,SNS広告,2026-07-13,1,1,0,,0,0
S00191,SNS広告,2026-07-31,0,0,0,,0,0
S00192,検索広告,2026-08-02,1,0,0,,0,0
S00193,SNS広告,2026-08-10,1,0,0,,0,0
S00194,検索広告,2026-07-12,1,0,0,,0,0
S00195,SNS広告,2026-07-09,1,1,0,,0,0
S00196,検索広告,2026-08-23,1,0,0,,0,0
S00197,SNS広告,2026-07-17,0,0,0,,0,0
S00198,SNS広告,2026-08-16,1,1,1,rest,1,0
S00199,紹介,2026-08-21,1,1,1,rest,0,0
S00200,SNS広告,2026-08-21,1,0,0,,1,1
S00201,自然検索,2026-07-29,0,0,0,,0,0
S00202,検索広告,2026-08-16,1,0,0,,0,0
S00203,検索広告,2026-08-18,1,0,0,,0,0
S00204,SNS広告,2026-08-27,1,0,0,,0,0
S00205,検索広告,2026-08-13,0,0,0,,0,0
S00206,SNS広告,2026-07-17,1,1,1,rest,1,1
S00207,自然検索,2026-08-31,1,0,0,,0,0
S00208,紹介,2026-08-04,1,1,1,reset,0,0
S00209,自然検索,2026-07-27,1,0,0,,0,0
S00210,SNS広告,2026-08-30,1,0,0,,1,1
S00211,SNS広告,2026-08-15,1,1,1,overwork,0,0
S00212,SNS広告,2026-07-09,0,0,0,,0,0
S00213,SNS広告,2026-07-04,0,0,0,,0,0
S00214,検索広告,2026-07-12,1,0,0,,0,0
S00215,自然検索,2026-08-22,1,0,0,,0,0
S00216,SNS広告,2026-07-18,1,0,0,,0,0
S00217,自然検索,2026-08-05,1,0,0,,0,0
S00218,自然検索,2026-08-22,1,0,0,,0,0
S00219,SNS広告,2026-08-04,0,0,0,,0,0
S00220,自然検索,2026-07-08,1,1,1,reset,1,1
S00221,自然検索,2026-07-11,0,0,0,,0,0
S00222,SNS広告,2026-08-09,1,1,1,rest,1,1
S00223,検索広告,2026-08-29,1,0,0,,0,0
S00224,検索広告,2026-07-09,1,1,1,overwork,0,0
S00225,検索広告,2026-07-04,1,0,0,,0,0
S00226,SNS広告,2026-08-02,0,0,0,,0,0
S00227,検索広告,2026-08-19,0,0,0,,0,0
S00228,検索広告,2026-07-31,0,0,0,,0,0
S00229,自然検索,2026-07-22,1,1,0,,0,0
S00230,自然検索,2026-08-04,1,1,0,,0,0
S00231,SNS広告,2026-08-11,0,0,0,,0,0
S00232,検索広告,2026-08-18,0,0,0,,0,0
S00233,自然検索,2026-08-15,1,1,1,overwork,0,0
S00234,自然検索,2026-08-30,0,0,0,,0,0
S00235,SNS広告,2026-08-17,1,0,0,,0,0
S00236,SNS広告,2026-07-06,0,0,0,,0,0
S00237,検索広告,2026-09-01,1,0,0,,0,0
S00238,SNS広告,2026-07-20,0,0,0,,0,0
S00239,検索広告,2026-07-16,0,0,0,,0,0
S00240,紹介,2026-08-08,1,0,0,,0,0
S00241,SNS広告,2026-07-28,1,1,1,reset,0,0
S00242,SNS広告,2026-08-19,1,0,0,,0,0
S00243,SNS広告,2026-07-23,1,1,1,rest,1,0
S00244,検索広告,2026-07-21,1,0,0,,0,0
S00245,SNS広告,2026-07-19,1,0,0,,0,0
S00246,SNS広告,2026-08-03,1,1,1,rest,0,0
S00247,SNS広告,2026-07-05,1,0,0,,0,0
S00248,検索広告,2026-07-12,1,0,0,,0,0
S00249,自然検索,2026-07-29,0,0,0,,0,0
S00250,SNS広告,2026-07-23,1,0,0,,0,0
S00251,SNS広告,2026-08-16,0,0,0,,0,0
S00252,SNS広告,2026-07-07,1,1,1,rest,1,1
S00253,SNS広告,2026-07-25,1,1,0,,1,0
S00254,SNS広告,2026-07-10,0,0,0,,0,0
S00255,SNS広告,2026-08-15,1,1,1,rest,0,0
S00256,SNS広告,2026-07-05,1,0,0,,1,1
S00257,SNS広告,2026-08-26,1,1,1,rest,0,0
S00258,自然検索,2026-08-01,0,0,0,,0,0
S00259,検索広告,2026-08-26,1,0,0,,0,0
S00260,SNS広告,2026-08-21,1,0,0,,0,0
S00261,SNS広告,2026-07-18,1,1,1,overwork,0,0
S00262,自然検索,2026-08-29,1,1,1,reset,1,1
S00263,SNS広告,2026-08-10,0,0,0,,0,0
S00264,SNS広告,2026-08-21,1,1,1,rest,0,0
S00265,SNS広告,2026-07-12,1,1,1,reset,0,0
S00266,SNS広告,2026-08-28,0,0,0,,0,0
S00267,自然検索,2026-08-12,1,0,0,,1,0
S00268,SNS広告,2026-07-12,1,1,1,rest,0,0
S00269,SNS広告,2026-07-22,1,1,1,overwork,1,1
S00270,自然検索,2026-07-21,1,1,1,reset,1,0
S00271,検索広告,2026-07-04,1,0,0,,0,0
S00272,SNS広告,2026-08-31,1,1,1,reset,0,0
S00273,SNS広告,2026-07-24,1,1,1,rest,1,1
S00274,自然検索,2026-07-19,0,0,0,,0,0
S00275,SNS広告,2026-07-19,1,1,0,,0,0
S00276,検索広告,2026-07-21,0,0,0,,0,0
S00277,SNS広告,2026-08-28,1,1,1,reset,1,0
S00278,検索広告,2026-08-27,1,0,0,,0,0
S00279,自然検索,2026-07-17,1,1,1,reset,0,0
S00280,自然検索,2026-07-27,1,1,0,,0,0
S00281,検索広告,2026-08-17,1,1,0,,1,1
S00282,SNS広告,2026-09-01,0,0,0,,0,0
S00283,SNS広告,2026-07-31,0,0,0,,0,0
S00284,SNS広告,2026-08-27,1,1,1,reset,1,1
S00285,自然検索,2026-07-19,0,0,0,,0,0
S00286,SNS広告,2026-08-12,1,0,0,,0,0
S00287,SNS広告,2026-07-15,1,0,0,,1,0
S00288,SNS広告,2026-08-27,1,0,0,,0,0
S00289,検索広告,2026-08-03,0,0,0,,0,0
S00290,自然検索,2026-08-27,1,0,0,,0,0
S00291,SNS広告,2026-07-17,0,0,0,,0,0
S00292,SNS広告,2026-07-30,1,1,0,,0,0
S00293,自然検索,2026-08-18,0,0,0,,0,0
S00294,検索広告,2026-07-06,1,0,0,,1,0
S00295,検索広告,2026-07-23,1,0,0,,0,0
S00296,紹介,2026-08-12,1,0,0,,0,0
S00297,紹介,2026-07-12,1,0,0,,1,0
S00298,自然検索,2026-08-10,1,1,1,rest,0,0
S00299,自然検索,2026-07-07,0,0,0,,0,0
S00300,SNS広告,2026-08-15,1,0,0,,0,0
S00301,検索広告,2026-07-04,1,0,0,,0,0
S00302,SNS広告,2026-08-29,1,0,0,,0,0
S00303,自然検索,2026-07-19,1,0,0,,0,0
S00304,自然検索,2026-08-15,1,0,0,,1,0
S00305,検索広告,2026-08-07,1,0,0,,0,0
S00306,SNS広告,2026-07-25,0,0,0,,0,0
S00307,SNS広告,2026-08-30,0,0,0,,0,0
S00308,SNS広告,2026-08-19,0,0,0,,0,0
S00309,SNS広告,2026-08-26,1,0,0,,0,0
S00310,自然検索,2026-07-19,1,1,0,,1,1
S00311,SNS広告,2026-08-19,0,0,0,,0,0
S00312,SNS広告,2026-08-03,0,0,0,,0,0
S00313,SNS広告,2026-08-13,0,0,0,,0,0
S00314,検索広告,2026-08-18,1,1,0,,0,0
S00315,SNS広告,2026-07-07,1,1,0,,0,0
S00316,自然検索,2026-08-02,0,0,0,,0,0
S00317,自然検索,2026-07-24,1,0,0,,0,0
S00318,SNS広告,2026-07-21,1,1,0,,0,0
S00319,SNS広告,2026-07-14,0,0,0,,0,0
S00320,自然検索,2026-08-17,1,0,0,,0,0
S00321,紹介,2026-08-28,0,0,0,,0,0
S00322,SNS広告,2026-08-04,1,1,0,,0,0
S00323,検索広告,2026-08-22,1,0,0,,0,0
S00324,自然検索,2026-08-31,1,0,0,,0,0
S00325,自然検索,2026-07-08,0,0,0,,0,0
S00326,SNS広告,2026-07-26,1,0,0,,0,0
S00327,SNS広告,2026-08-08,0,0,0,,0,0
S00328,紹介,2026-08-24,1,1,1,reset,1,1
S00329,SNS広告,2026-07-18,0,0,0,,0,0
S00330,SNS広告,2026-08-01,1,0,0,,0,0
S00331,検索広告,2026-08-22,1,1,0,,0,0
S00332,SNS広告,2026-07-05,1,1,0,,0,0
S00333,自然検索,2026-07-06,0,0,0,,0,0
S00334,SNS広告,2026-07-08,1,0,0,,1,1
S00335,自然検索,2026-07-14,1,0,0,,0,0
S00336,SNS広告,2026-08-01,1,0,0,,0,0
S00337,自然検索,2026-08-14,0,0,0,,0,0
S00338,SNS広告,2026-07-24,0,0,0,,0,0
S00339,SNS広告,2026-08-23,1,1,1,overwork,1,1
S00340,SNS広告,2026-07-26,1,0,0,,0,0
S00341,SNS広告,2026-08-29,0,0,0,,0,0
S00342,SNS広告,2026-09-01,0,0,0,,0,0
S00343,検索広告,2026-07-21,0,0,0,,0,0
S00344,SNS広告,2026-08-12,1,1,0,,0,0
S00345,SNS広告,2026-07-22,1,0,0,,0,0
S00346,紹介,2026-07-17,1,1,1,reset,1,0
S00347,自然検索,2026-07-13,1,0,0,,0,0
S00348,自然検索,2026-07-27,1,0,0,,0,0
S00349,SNS広告,2026-07-13,1,0,0,,0,0
S00350,SNS広告,2026-07-24,1,1,0,,1,0
S00351,SNS広告,2026-07-08,1,1,1,overwork,1,1
S00352,SNS広告,2026-07-10,1,0,0,,0,0
S00353,SNS広告,2026-08-30,1,1,1,reset,0,0
S00354,SNS広告,2026-08-16,0,0,0,,0,0
S00355,SNS広告,2026-08-09,1,0,0,,0,0
S00356,SNS広告,2026-08-17,0,0,0,,0,0
S00357,自然検索,2026-08-22,0,0,0,,0,0
S00358,SNS広告,2026-07-11,0,0,0,,0,0
S00359,SNS広告,2026-08-31,0,0,0,,0,0
S00360,検索広告,2026-08-22,1,0,0,,0,0
S00361,SNS広告,2026-07-18,1,1,1,overwork,0,0
S00362,SNS広告,2026-08-19,1,0,0,,0,0
S00363,SNS広告,2026-08-17,1,1,0,,0,0
S00364,SNS広告,2026-07-05,1,1,1,rest,1,1
S00365,検索広告,2026-07-18,0,0,0,,0,0
S00366,SNS広告,2026-08-06,0,0,0,,0,0
S00367,SNS広告,2026-08-24,0,0,0,,0,0
S00368,自然検索,2026-08-16,1,0,0,,0,0
S00369,自然検索,2026-07-05,0,0,0,,0,0
S00370,SNS広告,2026-07-16,0,0,0,,0,0
S00371,SNS広告,2026-08-28,1,1,1,reset,0,0
S00372,SNS広告,2026-07-21,1,1,1,reset,0,0
S00373,紹介,2026-08-10,1,0,0,,0,0
S00374,紹介,2026-07-20,1,1,1,rest,1,0
S00375,SNS広告,2026-08-15,0,0,0,,0,0
S00376,紹介,2026-08-25,1,1,0,,0,0
S00377,SNS広告,2026-08-31,1,1,1,overwork,1,1
S00378,SNS広告,2026-08-15,1,0,0,,0,0
S00379,SNS広告,2026-07-12,0,0,0,,0,0
S00380,自然検索,2026-07-10,1,1,0,,1,1
S00381,SNS広告,2026-07-23,0,0,0,,0,0
S00382,SNS広告,2026-07-19,1,0,0,,0,0
S00383,検索広告,2026-08-21,0,0,0,,0,0
S00384,SNS広告,2026-08-11,0,0,0,,0,0
S00385,SNS広告,2026-07-10,0,0,0,,0,0
S00386,SNS広告,2026-07-04,0,0,0,,0,0
S00387,自然検索,2026-08-06,1,0,0,,0,0
S00388,自然検索,2026-07-17,1,1,1,rest,1,0
S00389,自然検索,2026-07-07,1,0,0,,0,0
S00390,自然検索,2026-07-04,1,0,0,,0,0
S00391,検索広告,2026-08-15,1,0,0,,0,0
S00392,自然検索,2026-07-24,0,0,0,,0,0
S00393,検索広告,2026-08-09,1,0,0,,0,0
S00394,検索広告,2026-08-05,1,1,0,,0,0
S00395,SNS広告,2026-08-05,0,0,0,,0,0
S00396,SNS広告,2026-08-16,0,0,0,,0,0
S00397,自然検索,2026-08-31,0,0,0,,0,0
S00398,SNS広告,2026-07-18,1,0,0,,0,0
S00399,自然検索,2026-07-22,1,0,0,,1,1
S00400,検索広告,2026-07-13,0,0,0,,0,0
S00401,SNS広告,2026-08-23,1,0,0,,0,0
S00402,紹介,2026-08-18,0,0,0,,0,0
S00403,SNS広告,2026-07-28,1,1,1,reset,0,0
S00404,SNS広告,2026-07-07,1,1,1,rest,1,1
S00405,SNS広告,2026-08-04,1,0,0,,0,0
S00406,紹介,2026-08-20,1,0,0,,0,0
S00407,検索広告,2026-07-28,1,0,0,,0,0
S00408,自然検索,2026-07-06,1,1,1,overwork,0,0
S00409,SNS広告,2026-07-11,1,0,0,,1,1
S00410,自然検索,2026-07-10,1,1,1,overwork,1,1
S00411,検索広告,2026-08-08,1,1,1,rest,1,1
S00412,検索広告,2026-08-17,1,0,0,,0,0
S00413,紹介,2026-07-11,1,0,0,,1,1
S00414,SNS広告,2026-07-16,1,0,0,,0,0
S00415,SNS広告,2026-07-12,1,0,0,,1,1
S00416,検索広告,2026-08-09,1,1,0,,1,0
S00417,自然検索,2026-08-15,1,0,0,,0,0
S00418,SNS広告,2026-08-18,1,0,0,,1,0
S00419,検索広告,2026-07-11,0,0,0,,0,0
S00420,SNS広告,2026-07-08,0,0,0,,0,0
S00421,検索広告,2026-08-10,1,0,0,,0,0
S00422,自然検索,2026-07-11,1,0,0,,0,0
S00423,SNS広告,2026-08-10,1,1,1,rest,0,0
S00424,検索広告,2026-08-06,1,0,0,,1,0
S00425,SNS広告,2026-07-30,1,0,0,,0,0
S00426,紹介,2026-08-19,1,0,0,,0,0
S00427,SNS広告,2026-08-16,1,0,0,,1,1
S00428,SNS広告,2026-08-17,1,1,1,rest,1,1
S00429,検索広告,2026-08-17,0,0,0,,0,0
S00430,SNS広告,2026-08-02,1,0,0,,0,0
S00431,検索広告,2026-08-26,0,0,0,,0,0
S00432,SNS広告,2026-07-17,0,0,0,,0,0
S00433,検索広告,2026-08-22,1,0,0,,0,0
S00434,検索広告,2026-08-06,0,0,0,,0,0
S00435,紹介,2026-07-25,0,0,0,,0,0
S00436,SNS広告,2026-08-24,1,0,0,,0,0
S00437,SNS広告,2026-08-08,1,1,1,rest,1,0
S00438,検索広告,2026-07-30,1,0,0,,0,0
S00439,検索広告,2026-07-30,1,0,0,,0,0
S00440,SNS広告,2026-07-10,1,1,0,,1,1
S00441,検索広告,2026-07-16,1,1,1,overwork,0,0
S00442,SNS広告,2026-08-25,0,0,0,,0,0
S00443,SNS広告,2026-07-14,1,0,0,,0,0
S00444,自然検索,2026-07-31,1,0,0,,1,0
S00445,SNS広告,2026-07-23,0,0,0,,0,0
S00446,SNS広告,2026-08-23,1,0,0,,0,0
S00447,自然検索,2026-08-04,1,0,0,,0,0
S00448,検索広告,2026-07-22,0,0,0,,0,0
S00449,検索広告,2026-07-16,0,0,0,,0,0
S00450,自然検索,2026-07-15,1,0,0,,0,0
S00451,SNS広告,2026-08-19,1,1,1,overwork,0,0
S00452,検索広告,2026-07-14,0,0,0,,0,0
S00453,自然検索,2026-07-29,1,0,0,,0,0
S00454,検索広告,2026-07-23,1,0,0,,0,0
S00455,検索広告,2026-07-12,1,1,1,overwork,1,1
S00456,SNS広告,2026-08-08,1,0,0,,1,1
S00457,検索広告,2026-07-08,0,0,0,,0,0
S00458,SNS広告,2026-07-11,0,0,0,,0,0
S00459,検索広告,2026-07-15,0,0,0,,0,0
S00460,SNS広告,2026-08-10,1,0,0,,0,0
S00461,SNS広告,2026-08-01,1,0,0,,0,0
S00462,自然検索,2026-08-22,1,0,0,,0,0
S00463,SNS広告,2026-07-18,1,0,0,,0,0
S00464,SNS広告,2026-07-10,1,0,0,,0,0
S00465,自然検索,2026-08-23,1,0,0,,0,0
S00466,SNS広告,2026-07-19,1,1,0,,0,0
S00467,自然検索,2026-07-22,1,0,0,,0,0
S00468,自然検索,2026-08-30,0,0,0,,0,0
S00469,SNS広告,2026-07-08,1,1,1,reset,0,0
S00470,検索広告,2026-08-04,0,0,0,,0,0
S00471,SNS広告,2026-08-16,1,1,1,reset,1,1
S00472,SNS広告,2026-08-31,1,0,0,,1,1
S00473,自然検索,2026-07-17,0,0,0,,0,0
S00474,検索広告,2026-08-12,1,0,0,,0,0
S00475,検索広告,2026-08-02,1,0,0,,0,0
S00476,検索広告,2026-08-21,1,0,0,,0,0
S00477,検索広告,2026-07-27,1,0,0,,1,0
S00478,検索広告,2026-08-09,1,0,0,,1,1
S00479,SNS広告,2026-07-15,1,0,0,,0,0
S00480,SNS広告,2026-07-24,1,0,0,,0,0
S00481,SNS広告,2026-07-20,1,0,0,,0,0
S00482,SNS広告,2026-08-17,1,0,0,,0,0
S00483,SNS広告,2026-08-29,1,0,0,,0,0
S00484,紹介,2026-07-11,0,0,0,,0,0
S00485,SNS広告,2026-07-07,1,1,0,,0,0
S00486,SNS広告,2026-07-25,1,0,0,,0,0
S00487,SNS広告,2026-07-08,1,1,1,reset,1,1
S00488,検索広告,2026-07-21,1,0,0,,0,0
S00489,紹介,2026-07-27,0,0,0,,0,0
S00490,自然検索,2026-08-07,0,0,0,,0,0
S00491,SNS広告,2026-08-11,1,0,0,,0,0
S00492,SNS広告,2026-08-03,0,0,0,,0,0
S00493,自然検索,2026-08-19,1,0,0,,1,1
S00494,SNS広告,2026-08-07,0,0,0,,0,0
S00495,検索広告,2026-08-02,1,0,0,,0,0
S00496,SNS広告,2026-08-31,1,0,0,,1,0
S00497,自然検索,2026-08-09,1,0,0,,0,0
S00498,SNS広告,2026-08-15,1,1,1,overwork,1,1
S00499,SNS広告,2026-07-25,1,0,0,,0,0
S00500,SNS広告,2026-07-15,0,0,0,,0,0
S00501,SNS広告,2026-07-27,0,0,0,,0,0
S00502,自然検索,2026-07-24,1,0,0,,0,0
S00503,自然検索,2026-07-27,1,1,0,,0,0
S00504,SNS広告,2026-08-17,1,1,1,rest,1,1
S00505,自然検索,2026-08-10,0,0,0,,0,0
S00506,SNS広告,2026-07-13,0,0,0,,0,0
S00507,SNS広告,2026-07-07,1,1,1,rest,1,1
S00508,SNS広告,2026-08-22,1,0,0,,1,1
S00509,SNS広告,2026-09-01,1,0,0,,0,0
S00510,SNS広告,2026-07-06,1,1,1,reset,0,0
S00511,検索広告,2026-07-12,1,0,0,,0,0
S00512,自然検索,2026-07-27,1,1,0,,1,0
S00513,SNS広告,2026-07-14,0,0,0,,0,0
S00514,検索広告,2026-07-28,1,0,0,,0,0
S00515,自然検索,2026-07-09,1,0,0,,0,0
S00516,SNS広告,2026-08-18,1,1,1,rest,1,1
S00517,SNS広告,2026-08-06,1,1,1,overwork,1,1
S00518,検索広告,2026-07-23,0,0,0,,0,0
S00519,SNS広告,2026-08-20,1,0,0,,0,0
S00520,検索広告,2026-07-21,0,0,0,,0,0
S00521,SNS広告,2026-08-17,1,0,0,,1,0
S00522,検索広告,2026-07-21,1,0,0,,0,0
S00523,SNS広告,2026-07-15,0,0,0,,0,0
S00524,SNS広告,2026-08-07,1,0,0,,0,0
S00525,SNS広告,2026-07-04,0,0,0,,0,0
S00526,検索広告,2026-07-26,1,1,1,rest,0,0
S00527,SNS広告,2026-07-18,1,1,1,overwork,0,0
S00528,紹介,2026-08-31,1,0,0,,1,1
S00529,SNS広告,2026-08-26,0,0,0,,0,0
S00530,SNS広告,2026-07-21,0,0,0,,0,0
S00531,SNS広告,2026-07-07,1,0,0,,0,0
S00532,SNS広告,2026-07-26,1,0,0,,0,0
S00533,SNS広告,2026-07-09,1,0,0,,1,1
S00534,自然検索,2026-08-29,0,0,0,,0,0
S00535,検索広告,2026-07-10,1,0,0,,0,0
S00536,SNS広告,2026-07-11,0,0,0,,0,0
S00537,SNS広告,2026-07-26,0,0,0,,0,0
S00538,SNS広告,2026-08-07,1,1,0,,0,0
S00539,自然検索,2026-07-21,1,0,0,,0,0
S00540,SNS広告,2026-08-18,1,0,0,,0,0
S00541,自然検索,2026-07-23,0,0,0,,0,0
S00542,検索広告,2026-07-22,1,1,1,rest,0,0
S00543,検索広告,2026-07-31,0,0,0,,0,0
S00544,自然検索,2026-08-17,0,0,0,,0,0
S00545,自然検索,2026-09-01,1,0,0,,1,1
S00546,SNS広告,2026-08-21,0,0,0,,0,0
S00547,SNS広告,2026-07-13,1,1,0,,0,0
S00548,SNS広告,2026-08-20,1,1,1,rest,0,0
S00549,SNS広告,2026-08-28,1,0,0,,0,0
S00550,SNS広告,2026-08-18,0,0,0,,0,0
S00551,SNS広告,2026-08-01,1,0,0,,0,0
S00552,検索広告,2026-07-28,0,0,0,,0,0
S00553,SNS広告,2026-07-11,1,1,1,reset,0,0
S00554,SNS広告,2026-07-12,0,0,0,,0,0
S00555,SNS広告,2026-07-05,1,1,1,reset,1,1
S00556,SNS広告,2026-07-10,1,0,0,,1,1
S00557,紹介,2026-08-05,1,0,0,,0,0
S00558,SNS広告,2026-08-24,1,0,0,,1,0
S00559,SNS広告,2026-07-06,1,1,0,,0,0
S00560,SNS広告,2026-08-19,0,0,0,,0,0
S00561,SNS広告,2026-07-26,0,0,0,,0,0
S00562,SNS広告,2026-08-17,1,0,0,,0,0
S00563,SNS広告,2026-07-14,1,0,0,,1,1
S00564,SNS広告,2026-08-20,0,0,0,,0,0
S00565,SNS広告,2026-08-07,1,0,0,,0,0
S00566,自然検索,2026-08-19,0,0,0,,0,0
S00567,SNS広告,2026-07-12,0,0,0,,0,0
S00568,検索広告,2026-07-26,1,0,0,,0,0
S00569,SNS広告,2026-07-26,0,0,0,,0,0
S00570,SNS広告,2026-08-14,1,0,0,,0,0
S00571,自然検索,2026-08-22,0,0,0,,0,0
S00572,SNS広告,2026-07-12,0,0,0,,0,0
S00573,自然検索,2026-07-18,1,0,0,,0,0
S00574,自然検索,2026-07-19,0,0,0,,0,0
S00575,検索広告,2026-07-04,1,1,1,overwork,1,0
S00576,SNS広告,2026-07-30,1,0,0,,0,0
S00577,検索広告,2026-08-22,0,0,0,,0,0
S00578,検索広告,2026-07-27,1,0,0,,1,0
S00579,自然検索,2026-08-15,0,0,0,,0,0
S00580,SNS広告,2026-08-02,1,0,0,,0,0
S00581,紹介,2026-08-05,1,1,0,,0,0
S00582,自然検索,2026-07-30,0,0,0,,0,0
S00583,SNS広告,2026-07-08,1,0,0,,0,0
S00584,SNS広告,2026-07-15,0,0,0,,0,0
S00585,SNS広告,2026-08-08,0,0,0,,0,0
S00586,自然検索,2026-07-14,0,0,0,,0,0
S00587,自然検索,2026-07-12,1,0,0,,0,0
S00588,紹介,2026-07-17,1,0,0,,0,0
S00589,検索広告,2026-07-30,0,0,0,,0,0
S00590,検索広告,2026-07-10,1,1,1,reset,1,1
S00591,検索広告,2026-08-03,0,0,0,,0,0
S00592,検索広告,2026-08-26,1,1,1,overwork,0,0
S00593,紹介,2026-08-16,1,0,0,,0,0
S00594,検索広告,2026-07-24,1,0,0,,1,1
S00595,SNS広告,2026-08-10,0,0,0,,0,0
S00596,SNS広告,2026-08-07,0,0,0,,0,0
S00597,SNS広告,2026-08-08,0,0,0,,0,0
S00598,検索広告,2026-08-21,1,1,0,,0,0
S00599,検索広告,2026-08-27,1,0,0,,0,0
S00600,SNS広告,2026-08-30,1,1,0,,0,0
S00601,自然検索,2026-07-23,1,0,0,,0,0
S00602,自然検索,2026-08-13,1,1,1,overwork,0,0
S00603,SNS広告,2026-08-05,0,0,0,,0,0
S00604,SNS広告,2026-07-07,0,0,0,,0,0
S00605,SNS広告,2026-07-26,1,0,0,,0,0
S00606,SNS広告,2026-07-15,0,0,0,,0,0
S00607,SNS広告,2026-07-18,0,0,0,,0,0
S00608,SNS広告,2026-07-06,1,0,0,,1,1
S00609,自然検索,2026-08-28,0,0,0,,0,0
S00610,SNS広告,2026-08-09,0,0,0,,0,0
S00611,自然検索,2026-07-07,0,0,0,,0,0
S00612,検索広告,2026-08-05,1,1,1,overwork,1,0
S00613,自然検索,2026-07-07,0,0,0,,0,0
S00614,SNS広告,2026-08-21,0,0,0,,0,0
S00615,SNS広告,2026-08-29,1,1,0,,0,0
S00616,自然検索,2026-07-10,1,1,0,,0,0
S00617,SNS広告,2026-08-08,1,0,0,,0,0
S00618,SNS広告,2026-08-02,1,0,0,,0,0
S00619,自然検索,2026-07-07,0,0,0,,0,0
S00620,検索広告,2026-08-19,0,0,0,,0,0
S00621,SNS広告,2026-07-05,0,0,0,,0,0
S00622,SNS広告,2026-08-09,1,0,0,,1,1
S00623,紹介,2026-08-18,1,0,0,,0,0
S00624,SNS広告,2026-08-18,0,0,0,,0,0
S00625,検索広告,2026-08-01,1,0,0,,0,0
S00626,SNS広告,2026-08-04,1,1,1,rest,0,0
S00627,自然検索,2026-07-10,1,1,1,reset,1,1
S00628,SNS広告,2026-08-29,0,0,0,,0,0
S00629,SNS広告,2026-08-30,1,0,0,,0,0
S00630,SNS広告,2026-08-23,0,0,0,,0,0
S00631,検索広告,2026-07-27,0,0,0,,0,0
S00632,自然検索,2026-07-17,0,0,0,,0,0
S00633,SNS広告,2026-08-04,0,0,0,,0,0
S00634,SNS広告,2026-07-27,0,0,0,,0,0
S00635,自然検索,2026-07-25,1,0,0,,0,0
S00636,検索広告,2026-08-31,1,0,0,,0,0
S00637,SNS広告,2026-08-18,0,0,0,,0,0
S00638,検索広告,2026-07-04,0,0,0,,0,0
S00639,SNS広告,2026-08-13,0,0,0,,0,0
S00640,自然検索,2026-07-07,0,0,0,,0,0
S00641,SNS広告,2026-08-03,1,0,0,,1,1
S00642,自然検索,2026-08-19,1,0,0,,0,0
S00643,検索広告,2026-09-01,0,0,0,,0,0
S00644,検索広告,2026-08-19,0,0,0,,0,0
S00645,SNS広告,2026-08-13,1,0,0,,0,0
S00646,検索広告,2026-08-06,1,1,1,rest,0,0
S00647,検索広告,2026-08-06,1,0,0,,0,0
S00648,SNS広告,2026-07-31,1,1,1,reset,1,1
S00649,SNS広告,2026-08-04,1,0,0,,0,0
S00650,紹介,2026-08-31,1,0,0,,1,1
S00651,検索広告,2026-08-16,1,0,0,,1,0
S00652,SNS広告,2026-07-06,1,0,0,,0,0
S00653,検索広告,2026-08-31,1,0,0,,0,0
S00654,SNS広告,2026-07-19,1,0,0,,0,0
S00655,SNS広告,2026-08-04,1,0,0,,0,0
S00656,自然検索,2026-07-21,1,1,1,rest,1,1
S00657,SNS広告,2026-08-13,0,0,0,,0,0
S00658,SNS広告,2026-08-10,0,0,0,,0,0
S00659,SNS広告,2026-08-01,1,0,0,,0,0
S00660,SNS広告,2026-07-09,1,0,0,,0,0
S00661,SNS広告,2026-08-13,1,0,0,,0,0
S00662,SNS広告,2026-08-27,0,0,0,,0,0
S00663,SNS広告,2026-08-30,1,0,0,,0,0
S00664,SNS広告,2026-07-11,1,1,1,rest,1,1
S00665,SNS広告,2026-08-14,0,0,0,,0,0
S00666,SNS広告,2026-08-25,0,0,0,,0,0
S00667,検索広告,2026-07-28,0,0,0,,0,0
S00668,自然検索,2026-07-13,1,1,1,overwork,0,0
S00669,SNS広告,2026-07-28,1,0,0,,0,0
S00670,検索広告,2026-08-23,1,0,0,,0,0
S00671,SNS広告,2026-08-08,1,1,1,rest,0,0
S00672,SNS広告,2026-08-17,1,0,0,,0,0
S00673,SNS広告,2026-09-01,1,1,1,rest,1,1
S00674,自然検索,2026-07-06,1,0,0,,0,0
S00675,SNS広告,2026-08-05,1,0,0,,0,0
S00676,自然検索,2026-08-24,1,0,0,,0,0
S00677,SNS広告,2026-07-10,1,0,0,,0,0
S00678,検索広告,2026-07-04,1,0,0,,0,0
S00679,自然検索,2026-07-15,0,0,0,,0,0
S00680,自然検索,2026-08-17,1,0,0,,0,0
S00681,SNS広告,2026-08-21,0,0,0,,0,0
S00682,SNS広告,2026-08-01,1,0,0,,0,0
S00683,SNS広告,2026-07-28,1,1,0,,0,0
S00684,自然検索,2026-07-11,1,1,0,,1,1
S00685,SNS広告,2026-07-05,1,1,0,,0,0
S00686,SNS広告,2026-07-09,0,0,0,,0,0
S00687,自然検索,2026-08-12,1,1,1,rest,1,1
S00688,SNS広告,2026-07-28,1,1,0,,0,0
S00689,SNS広告,2026-08-25,0,0,0,,0,0
S00690,紹介,2026-08-01,0,0,0,,0,0
S00691,SNS広告,2026-08-28,1,1,0,,0,0
S00692,SNS広告,2026-08-26,1,0,0,,0,0
S00693,SNS広告,2026-08-25,1,1,1,rest,0,0
S00694,SNS広告,2026-08-14,1,1,0,,0,0
S00695,SNS広告,2026-08-14,1,0,0,,0,0
S00696,検索広告,2026-07-21,1,1,0,,0,0
S00697,紹介,2026-08-28,0,0,0,,0,0
S00698,検索広告,2026-08-26,1,0,0,,0,0
S00699,検索広告,2026-07-24,0,0,0,,0,0
S00700,SNS広告,2026-07-23,1,1,0,,0,0
S00701,検索広告,2026-07-21,1,0,0,,0,0
S00702,自然検索,2026-07-20,1,1,1,overwork,0,0
S00703,検索広告,2026-07-24,0,0,0,,0,0
S00704,自然検索,2026-07-30,0,0,0,,0,0
S00705,検索広告,2026-07-19,1,0,0,,0,0
S00706,SNS広告,2026-08-28,1,0,0,,0,0
S00707,検索広告,2026-08-20,1,0,0,,0,0
S00708,SNS広告,2026-07-19,1,0,0,,1,1
S00709,SNS広告,2026-08-21,1,0,0,,0,0
S00710,検索広告,2026-08-01,0,0,0,,0,0
S00711,自然検索,2026-08-17,1,0,0,,0,0
S00712,SNS広告,2026-08-07,0,0,0,,0,0
S00713,SNS広告,2026-07-13,1,1,0,,1,0
S00714,検索広告,2026-07-24,0,0,0,,0,0
S00715,SNS広告,2026-08-06,1,0,0,,0,0
S00716,SNS広告,2026-08-16,1,0,0,,0,0
S00717,SNS広告,2026-07-15,1,0,0,,0,0
S00718,SNS広告,2026-07-24,0,0,0,,0,0
S00719,検索広告,2026-08-06,1,0,0,,0,0
S00720,検索広告,2026-07-11,1,0,0,,0,0
S00721,SNS広告,2026-07-22,0,0,0,,0,0
S00722,自然検索,2026-07-05,1,0,0,,0,0
S00723,自然検索,2026-07-24,1,0,0,,0,0
S00724,SNS広告,2026-07-10,1,0,0,,0,0
S00725,SNS広告,2026-07-30,0,0,0,,0,0
S00726,SNS広告,2026-07-21,0,0,0,,0,0
S00727,自然検索,2026-07-13,1,0,0,,0,0
S00728,自然検索,2026-08-27,1,1,1,reset,1,1
S00729,SNS広告,2026-08-04,1,1,0,,0,0
S00730,SNS広告,2026-07-27,1,0,0,,1,0
S00731,SNS広告,2026-08-29,1,0,0,,1,0
S00732,SNS広告,2026-07-16,1,0,0,,1,0
S00733,自然検索,2026-07-21,1,0,0,,0,0
S00734,SNS広告,2026-07-07,0,0,0,,0,0
S00735,SNS広告,2026-08-10,1,0,0,,0,0
S00736,SNS広告,2026-08-04,1,0,0,,0,0
S00737,SNS広告,2026-07-09,1,1,1,reset,1,1
S00738,検索広告,2026-08-08,1,0,0,,0,0
S00739,SNS広告,2026-07-13,0,0,0,,0,0
S00740,SNS広告,2026-08-07,1,1,1,reset,1,0
S00741,SNS広告,2026-08-12,1,0,0,,0,0
S00742,紹介,2026-08-16,0,0,0,,0,0
S00743,自然検索,2026-08-20,1,1,1,overwork,1,1
S00744,SNS広告,2026-08-07,1,0,0,,1,0
S00745,自然検索,2026-08-23,0,0,0,,0,0
S00746,SNS広告,2026-07-14,1,0,0,,1,1
S00747,自然検索,2026-07-05,0,0,0,,0,0
S00748,SNS広告,2026-08-27,1,1,1,rest,1,1
S00749,自然検索,2026-08-29,1,0,0,,0,0
S00750,SNS広告,2026-09-01,1,0,0,,1,0
S00751,SNS広告,2026-07-08,1,0,0,,0,0
S00752,検索広告,2026-08-28,0,0,0,,0,0
S00753,SNS広告,2026-07-23,0,0,0,,0,0
S00754,SNS広告,2026-08-14,1,0,0,,0,0
S00755,SNS広告,2026-08-21,0,0,0,,0,0
S00756,SNS広告,2026-08-18,1,1,0,,1,1
S00757,SNS広告,2026-07-22,1,0,0,,0,0
S00758,SNS広告,2026-08-31,1,1,1,reset,1,1
S00759,SNS広告,2026-07-12,0,0,0,,0,0
S00760,SNS広告,2026-07-29,0,0,0,,0,0
S00761,SNS広告,2026-08-18,0,0,0,,0,0
S00762,検索広告,2026-08-20,0,0,0,,0,0
S00763,SNS広告,2026-07-24,1,0,0,,0,0
S00764,SNS広告,2026-07-26,1,0,0,,0,0
S00765,SNS広告,2026-08-13,1,0,0,,1,0
S00766,自然検索,2026-08-12,1,1,1,reset,0,0
S00767,SNS広告,2026-08-05,0,0,0,,0,0
S00768,SNS広告,2026-07-09,1,0,0,,0,0
S00769,自然検索,2026-07-31,1,1,0,,0,0
S00770,SNS広告,2026-07-13,0,0,0,,0,0
S00771,自然検索,2026-07-25,0,0,0,,0,0
S00772,自然検索,2026-07-30,0,0,0,,0,0
S00773,SNS広告,2026-08-03,1,0,0,,0,0
S00774,検索広告,2026-07-23,1,0,0,,0,0
S00775,SNS広告,2026-08-03,0,0,0,,0,0
S00776,SNS広告,2026-07-20,1,0,0,,1,0
S00777,SNS広告,2026-08-22,0,0,0,,0,0
S00778,検索広告,2026-08-13,1,0,0,,0,0
S00779,紹介,2026-07-11,0,0,0,,0,0
S00780,SNS広告,2026-08-09,1,1,1,overwork,1,0
S00781,検索広告,2026-07-13,0,0,0,,0,0
S00782,SNS広告,2026-07-07,0,0,0,,0,0
S00783,SNS広告,2026-07-29,1,0,0,,0,0
S00784,紹介,2026-08-26,0,0,0,,0,0
S00785,検索広告,2026-07-18,0,0,0,,0,0
S00786,SNS広告,2026-07-24,1,0,0,,0,0
S00787,自然検索,2026-08-15,1,1,1,overwork,0,0
S00788,SNS広告,2026-07-12,1,0,0,,1,1
S00789,SNS広告,2026-08-04,1,1,0,,0,0
S00790,SNS広告,2026-08-29,1,1,0,,0,0
S00791,紹介,2026-08-28,1,0,0,,0,0
S00792,SNS広告,2026-08-19,0,0,0,,0,0
S00793,自然検索,2026-07-27,0,0,0,,0,0
S00794,検索広告,2026-07-15,1,0,0,,0,0
S00795,SNS広告,2026-08-27,1,0,0,,0,0
S00796,検索広告,2026-08-31,0,0,0,,0,0
S00797,SNS広告,2026-07-26,0,0,0,,0,0
S00798,検索広告,2026-08-08,1,0,0,,0,0
S00799,検索広告,2026-08-06,1,0,0,,0,0
S00800,検索広告,2026-07-14,1,0,0,,0,0
S00801,紹介,2026-07-08,0,0,0,,0,0
S00802,SNS広告,2026-07-05,1,1,1,overwork,0,0
S00803,自然検索,2026-07-17,0,0,0,,0,0
S00804,SNS広告,2026-09-01,0,0,0,,0,0
S00805,自然検索,2026-08-23,1,0,0,,0,0
S00806,自然検索,2026-07-28,0,0,0,,0,0
S00807,紹介,2026-07-06,1,0,0,,1,0
S00808,SNS広告,2026-08-28,0,0,0,,0,0
S00809,SNS広告,2026-08-02,1,0,0,,1,1
S00810,紹介,2026-08-09,0,0,0,,0,0
S00811,紹介,2026-08-08,1,1,1,rest,0,0
S00812,SNS広告,2026-08-16,0,0,0,,0,0
S00813,紹介,2026-08-16,1,0,0,,0,0
S00814,SNS広告,2026-08-18,1,0,0,,0,0
S00815,SNS広告,2026-08-26,0,0,0,,0,0
S00816,自然検索,2026-07-30,1,0,0,,1,0
S00817,SNS広告,2026-08-06,0,0,0,,0,0
S00818,SNS広告,2026-07-21,0,0,0,,0,0
S00819,SNS広告,2026-07-25,0,0,0,,0,0
S00820,SNS広告,2026-07-06,1,0,0,,0,0
S00821,SNS広告,2026-08-12,0,0,0,,0,0
S00822,SNS広告,2026-07-11,0,0,0,,0,0
S00823,自然検索,2026-08-09,1,1,1,overwork,1,1
S00824,検索広告,2026-07-24,0,0,0,,0,0
S00825,検索広告,2026-07-15,0,0,0,,0,0
S00826,自然検索,2026-08-09,0,0,0,,0,0
S00827,SNS広告,2026-08-06,1,1,1,overwork,1,1
S00828,SNS広告,2026-07-26,0,0,0,,0,0
S00829,SNS広告,2026-08-26,1,0,0,,0,0
S00830,SNS広告,2026-08-01,1,0,0,,0,0
S00831,自然検索,2026-08-27,1,0,0,,1,1
S00832,SNS広告,2026-08-19,0,0,0,,0,0
S00833,SNS広告,2026-07-26,1,0,0,,0,0
S00834,検索広告,2026-07-05,0,0,0,,0,0
S00835,SNS広告,2026-07-04,1,0,0,,0,0
S00836,SNS広告,2026-08-17,1,0,0,,1,0
S00837,検索広告,2026-08-24,0,0,0,,0,0
S00838,自然検索,2026-08-01,1,0,0,,0,0
S00839,SNS広告,2026-08-06,1,1,0,,0,0
S00840,検索広告,2026-08-10,0,0,0,,0,0
S00841,SNS広告,2026-07-17,1,1,1,rest,1,1
S00842,SNS広告,2026-07-21,0,0,0,,0,0
S00843,検索広告,2026-07-30,1,0,0,,0,0
S00844,SNS広告,2026-07-26,0,0,0,,0,0
S00845,SNS広告,2026-07-29,1,1,1,overwork,1,0
S00846,検索広告,2026-07-23,0,0,0,,0,0
S00847,検索広告,2026-07-08,1,0,0,,0,0
S00848,SNS広告,2026-07-07,0,0,0,,0,0
S00849,検索広告,2026-07-05,1,0,0,,0,0
S00850,SNS広告,2026-07-12,1,1,1,overwork,0,0
S00851,紹介,2026-08-26,1,0,0,,1,1
S00852,SNS広告,2026-08-05,1,0,0,,1,1
S00853,SNS広告,2026-07-17,0,0,0,,0,0
S00854,SNS広告,2026-08-15,0,0,0,,0,0
S00855,紹介,2026-07-27,1,0,0,,0,0
S00856,SNS広告,2026-08-29,1,0,0,,1,0
S00857,検索広告,2026-08-20,0,0,0,,0,0
S00858,紹介,2026-08-08,1,0,0,,0,0
S00859,紹介,2026-08-28,1,0,0,,0,0
S00860,SNS広告,2026-08-07,1,0,0,,0,0
S00861,SNS広告,2026-08-19,0,0,0,,0,0
S00862,検索広告,2026-07-12,1,0,0,,0,0
S00863,検索広告,2026-08-13,0,0,0,,0,0
S00864,SNS広告,2026-08-10,1,1,1,overwork,1,1
S00865,SNS広告,2026-07-15,0,0,0,,0,0
S00866,SNS広告,2026-07-30,0,0,0,,0,0
S00867,SNS広告,2026-08-29,1,0,0,,1,0
S00868,検索広告,2026-08-19,0,0,0,,0,0
S00869,SNS広告,2026-07-27,1,1,1,overwork,1,1
S00870,SNS広告,2026-08-21,1,0,0,,0,0
S00871,SNS広告,2026-08-18,1,1,1,overwork,1,1
S00872,SNS広告,2026-07-26,0,0,0,,0,0
S00873,SNS広告,2026-08-03,1,1,1,overwork,0,0
S00874,自然検索,2026-08-16,0,0,0,,0,0
S00875,SNS広告,2026-07-30,1,0,0,,0,0
S00876,SNS広告,2026-07-25,1,0,0,,0,0
S00877,検索広告,2026-08-30,1,0,0,,1,1
S00878,SNS広告,2026-08-16,1,0,0,,0,0
S00879,SNS広告,2026-08-14,1,0,0,,0,0
S00880,紹介,2026-07-11,1,1,1,overwork,0,0
S00881,自然検索,2026-08-29,1,0,0,,1,0
S00882,検索広告,2026-08-12,1,1,0,,0,0
S00883,SNS広告,2026-08-21,0,0,0,,0,0
S00884,SNS広告,2026-07-22,1,1,0,,0,0
S00885,SNS広告,2026-07-15,0,0,0,,0,0
S00886,SNS広告,2026-08-29,1,0,0,,1,1
S00887,SNS広告,2026-07-12,1,0,0,,0,0
S00888,SNS広告,2026-07-22,1,0,0,,1,1
S00889,検索広告,2026-08-19,1,0,0,,1,1
S00890,SNS広告,2026-07-09,0,0,0,,0,0
S00891,SNS広告,2026-08-15,1,0,0,,1,1
S00892,自然検索,2026-07-16,1,0,0,,0,0
S00893,SNS広告,2026-08-28,1,0,0,,0,0
S00894,SNS広告,2026-08-05,0,0,0,,0,0
S00895,SNS広告,2026-08-02,0,0,0,,0,0
S00896,自然検索,2026-07-10,0,0,0,,0,0
S00897,検索広告,2026-07-13,0,0,0,,0,0
S00898,SNS広告,2026-07-31,1,0,0,,1,1
S00899,検索広告,2026-08-29,0,0,0,,0,0
S00900,SNS広告,2026-08-07,1,1,0,,0,0
S00901,SNS広告,2026-08-10,0,0,0,,0,0
S00902,検索広告,2026-07-04,1,0,0,,0,0
S00903,紹介,2026-07-23,1,1,1,rest,1,1
S00904,自然検索,2026-08-08,1,0,0,,0,0
S00905,検索広告,2026-08-11,1,0,0,,0,0
S00906,SNS広告,2026-07-17,0,0,0,,0,0
S00907,SNS広告,2026-08-27,0,0,0,,0,0
S00908,自然検索,2026-07-14,1,0,0,,0,0
S00909,SNS広告,2026-07-23,1,1,0,,0,0
S00910,SNS広告,2026-08-06,1,0,0,,0,0
S00911,検索広告,2026-07-21,0,0,0,,0,0
S00912,自然検索,2026-08-09,0,0,0,,0,0
S00913,自然検索,2026-08-24,1,0,0,,1,0
S00914,SNS広告,2026-08-07,1,0,0,,0,0
S00915,SNS広告,2026-08-29,1,0,0,,0,0
S00916,SNS広告,2026-08-27,0,0,0,,0,0
S00917,自然検索,2026-08-06,1,0,0,,0,0
S00918,紹介,2026-07-14,1,0,0,,1,0
S00919,SNS広告,2026-08-20,0,0,0,,0,0
S00920,自然検索,2026-08-02,0,0,0,,0,0
S00921,SNS広告,2026-07-05,0,0,0,,0,0
S00922,SNS広告,2026-07-14,1,0,0,,0,0
S00923,SNS広告,2026-07-09,1,0,0,,1,0
S00924,SNS広告,2026-07-23,1,1,1,rest,1,0
S00925,SNS広告,2026-07-28,0,0,0,,0,0
S00926,SNS広告,2026-07-29,0,0,0,,0,0
S00927,検索広告,2026-07-27,1,0,0,,0,0
S00928,SNS広告,2026-08-05,1,0,0,,1,1
S00929,自然検索,2026-08-11,0,0,0,,0,0
S00930,自然検索,2026-08-18,1,1,1,rest,1,1
S00931,SNS広告,2026-08-29,0,0,0,,0,0
S00932,SNS広告,2026-08-10,0,0,0,,0,0
S00933,紹介,2026-07-17,0,0,0,,0,0
S00934,SNS広告,2026-07-30,0,0,0,,0,0
S00935,SNS広告,2026-08-23,1,0,0,,0,0
S00936,SNS広告,2026-07-15,1,1,1,reset,0,0
S00937,紹介,2026-08-30,1,0,0,,0,0
S00938,検索広告,2026-07-08,1,0,0,,0,0
S00939,SNS広告,2026-07-24,0,0,0,,0,0
S00940,SNS広告,2026-07-30,0,0,0,,0,0
S00941,SNS広告,2026-08-08,0,0,0,,0,0
S00942,SNS広告,2026-07-14,0,0,0,,0,0
S00943,紹介,2026-09-01,1,0,0,,0,0
S00944,紹介,2026-09-01,1,0,0,,1,1
S00945,SNS広告,2026-08-01,1,0,0,,0,0
S00946,SNS広告,2026-08-15,1,0,0,,0,0
S00947,SNS広告,2026-08-08,0,0,0,,0,0
S00948,自然検索,2026-07-31,0,0,0,,0,0
S00949,検索広告,2026-08-30,1,0,0,,0,0
S00950,検索広告,2026-07-05,1,0,0,,0,0
S00951,検索広告,2026-07-23,0,0,0,,0,0
S00952,SNS広告,2026-08-27,0,0,0,,0,0
S00953,自然検索,2026-07-19,0,0,0,,0,0
S00954,SNS広告,2026-08-01,1,1,1,rest,1,1
S00955,検索広告,2026-07-22,1,0,0,,0,0
S00956,SNS広告,2026-07-19,1,0,0,,1,0
S00957,SNS広告,2026-07-04,0,0,0,,0,0
S00958,紹介,2026-08-25,1,0,0,,0,0
S00959,SNS広告,2026-07-04,1,0,0,,0,0
S00960,SNS広告,2026-08-04,1,0,0,,0,0
S00961,SNS広告,2026-08-20,1,1,1,reset,1,1
S00962,検索広告,2026-08-10,1,1,1,overwork,0,0
S00963,SNS広告,2026-08-11,0,0,0,,0,0
S00964,SNS広告,2026-07-10,0,0,0,,0,0
S00965,SNS広告,2026-08-01,1,0,0,,0,0
S00966,SNS広告,2026-08-28,1,1,1,overwork,1,1
S00967,SNS広告,2026-07-21,1,0,0,,1,1
S00968,SNS広告,2026-08-03,0,0,0,,0,0
S00969,SNS広告,2026-07-15,1,1,1,rest,0,0
S00970,検索広告,2026-08-30,1,0,0,,0,0
S00971,SNS広告,2026-07-12,0,0,0,,0,0
S00972,自然検索,2026-07-10,0,0,0,,0,0
S00973,紹介,2026-09-01,1,1,1,reset,1,1
S00974,SNS広告,2026-08-04,0,0,0,,0,0
S00975,SNS広告,2026-08-25,1,0,0,,0,0
S00976,自然検索,2026-08-01,1,0,0,,0,0
S00977,SNS広告,2026-08-27,0,0,0,,0,0
S00978,自然検索,2026-07-10,0,0,0,,0,0
S00979,SNS広告,2026-08-21,1,0,0,,1,1
S00980,検索広告,2026-07-23,0,0,0,,0,0
S00981,SNS広告,2026-07-24,1,0,0,,1,1
S00982,検索広告,2026-08-13,1,1,1,rest,0,0
S00983,自然検索,2026-08-20,0,0,0,,0,0
S00984,SNS広告,2026-07-09,0,0,0,,0,0
S00985,自然検索,2026-08-30,1,0,0,,0,0
S00986,SNS広告,2026-08-17,1,0,0,,0,0
S00987,SNS広告,2026-08-13,0,0,0,,0,0
S00988,SNS広告,2026-07-28,0,0,0,,0,0
S00989,SNS広告,2026-08-10,1,1,1,overwork,0,0
S00990,SNS広告,2026-08-26,0,0,0,,0,0
S00991,検索広告,2026-07-29,1,0,0,,0,0
S00992,SNS広告,2026-07-20,1,1,1,rest,1,1
S00993,検索広告,2026-07-21,1,0,0,,0,0
S00994,紹介,2026-08-03,1,0,0,,0,0
S00995,紹介,2026-08-14,1,0,0,,1,1
S00996,自然検索,2026-09-01,0,0,0,,0,0
S00997,自然検索,2026-08-01,0,0,0,,0,0
S00998,SNS広告,2026-07-26,1,0,0,,0,0
S00999,紹介,2026-08-06,1,0,0,,1,1
S01000,SNS広告,2026-07-06,1,1,0,,0,0
S01001,自然検索,2026-08-20,1,0,0,,0,0
S01002,自然検索,2026-07-15,0,0,0,,0,0
S01003,検索広告,2026-07-20,0,0,0,,0,0
S01004,SNS広告,2026-07-10,1,0,0,,0,0
S01005,SNS広告,2026-07-08,0,0,0,,0,0
S01006,SNS広告,2026-08-18,1,1,0,,0,0
S01007,SNS広告,2026-07-08,1,0,0,,0,0
S01008,SNS広告,2026-08-08,1,1,1,rest,1,0
S01009,SNS広告,2026-07-23,1,1,1,rest,0,0
S01010,自然検索,2026-07-06,1,1,1,rest,1,0
S01011,自然検索,2026-07-28,1,0,0,,1,0
S01012,SNS広告,2026-07-29,1,1,1,reset,0,0
S01013,SNS広告,2026-08-28,1,1,1,rest,1,1
S01014,SNS広告,2026-07-28,0,0,0,,0,0
S01015,SNS広告,2026-08-18,1,1,1,reset,1,0
S01016,SNS広告,2026-08-09,0,0,0,,0,0
S01017,検索広告,2026-08-10,0,0,0,,0,0
S01018,SNS広告,2026-07-05,0,0,0,,0,0
S01019,SNS広告,2026-07-25,1,0,0,,0,0
S01020,SNS広告,2026-07-20,1,1,0,,1,0
S01021,検索広告,2026-08-22,0,0,0,,0,0
S01022,SNS広告,2026-08-14,0,0,0,,0,0
S01023,SNS広告,2026-07-11,0,0,0,,0,0
S01024,SNS広告,2026-08-25,1,0,0,,0,0
S01025,自然検索,2026-07-06,0,0,0,,0,0
S01026,SNS広告,2026-08-07,0,0,0,,0,0
S01027,検索広告,2026-08-09,1,0,0,,0,0
S01028,SNS広告,2026-08-02,0,0,0,,0,0
S01029,自然検索,2026-08-06,0,0,0,,0,0
S01030,SNS広告,2026-08-04,1,1,1,overwork,0,0
S01031,SNS広告,2026-08-07,1,0,0,,0,0
S01032,自然検索,2026-07-21,1,0,0,,0,0
S01033,検索広告,2026-08-16,1,0,0,,0,0
S01034,SNS広告,2026-08-23,0,0,0,,0,0
S01035,SNS広告,2026-08-06,1,0,0,,0,0
S01036,紹介,2026-08-27,0,0,0,,0,0
S01037,SNS広告,2026-08-06,0,0,0,,0,0
S01038,SNS広告,2026-08-03,1,0,0,,0,0
S01039,紹介,2026-07-16,1,1,1,reset,1,1
S01040,SNS広告,2026-08-26,0,0,0,,0,0
S01041,SNS広告,2026-08-09,0,0,0,,0,0
S01042,SNS広告,2026-07-17,1,0,0,,1,1
S01043,SNS広告,2026-08-12,0,0,0,,0,0
S01044,SNS広告,2026-07-13,1,1,1,reset,1,0
S01045,検索広告,2026-07-20,1,0,0,,0,0
S01046,SNS広告,2026-08-30,0,0,0,,0,0
S01047,SNS広告,2026-08-09,1,0,0,,0,0
S01048,自然検索,2026-07-18,0,0,0,,0,0
S01049,自然検索,2026-08-01,1,1,1,overwork,0,0
S01050,検索広告,2026-07-23,0,0,0,,0,0
S01051,SNS広告,2026-07-04,0,0,0,,0,0
S01052,SNS広告,2026-07-23,1,1,1,rest,0,0
S01053,検索広告,2026-07-31,0,0,0,,0,0
S01054,SNS広告,2026-07-13,0,0,0,,0,0
S01055,自然検索,2026-08-07,1,1,1,overwork,0,0
S01056,SNS広告,2026-09-01,0,0,0,,0,0
S01057,SNS広告,2026-08-16,1,0,0,,1,1
S01058,SNS広告,2026-07-28,1,1,1,reset,1,1
S01059,検索広告,2026-07-07,1,1,1,rest,1,0
S01060,自然検索,2026-07-27,1,1,1,rest,1,0
S01061,検索広告,2026-08-15,0,0,0,,0,0
S01062,SNS広告,2026-07-04,1,1,1,overwork,0,0
S01063,紹介,2026-08-08,1,0,0,,0,0
S01064,検索広告,2026-08-19,1,1,0,,1,0
S01065,SNS広告,2026-07-30,0,0,0,,0,0
S01066,SNS広告,2026-08-12,0,0,0,,0,0
S01067,自然検索,2026-08-26,1,1,1,rest,1,1
S01068,SNS広告,2026-07-21,0,0,0,,0,0
S01069,検索広告,2026-07-22,1,0,0,,1,1
S01070,検索広告,2026-07-05,0,0,0,,0,0
S01071,SNS広告,2026-08-24,1,1,1,overwork,0,0
S01072,自然検索,2026-07-09,0,0,0,,0,0
S01073,SNS広告,2026-07-16,1,0,0,,0,0
S01074,SNS広告,2026-08-17,1,0,0,,1,1
S01075,SNS広告,2026-08-04,0,0,0,,0,0
S01076,自然検索,2026-07-26,1,0,0,,0,0
S01077,SNS広告,2026-08-14,1,1,1,overwork,1,1
S01078,検索広告,2026-08-26,1,0,0,,0,0
S01079,SNS広告,2026-07-13,0,0,0,,0,0
S01080,紹介,2026-08-23,1,1,1,overwork,0,0
S01081,紹介,2026-08-03,0,0,0,,0,0
S01082,SNS広告,2026-08-06,1,0,0,,0,0
S01083,紹介,2026-07-09,1,0,0,,0,0
S01084,検索広告,2026-07-30,1,0,0,,0,0
S01085,SNS広告,2026-08-07,1,0,0,,0,0
S01086,SNS広告,2026-07-05,0,0,0,,0,0
S01087,SNS広告,2026-08-11,0,0,0,,0,0
S01088,SNS広告,2026-07-20,0,0,0,,0,0
S01089,SNS広告,2026-08-18,1,0,0,,0,0
S01090,SNS広告,2026-07-18,0,0,0,,0,0
S01091,SNS広告,2026-07-18,1,1,0,,0,0
S01092,検索広告,2026-07-14,1,1,0,,1,0
S01093,自然検索,2026-08-03,1,0,0,,0,0
S01094,紹介,2026-08-19,1,0,0,,0,0
S01095,SNS広告,2026-07-26,0,0,0,,0,0
S01096,検索広告,2026-07-09,1,0,0,,0,0
S01097,SNS広告,2026-08-14,1,0,0,,1,0
S01098,SNS広告,2026-08-31,0,0,0,,0,0
S01099,紹介,2026-08-21,0,0,0,,0,0
S01100,SNS広告,2026-07-08,0,0,0,,0,0
S01101,自然検索,2026-09-01,1,0,0,,0,0
S01102,検索広告,2026-08-29,0,0,0,,0,0
S01103,SNS広告,2026-08-27,1,1,0,,1,0
S01104,自然検索,2026-07-10,0,0,0,,0,0
S01105,SNS広告,2026-08-10,1,0,0,,0,0
S01106,自然検索,2026-07-22,1,0,0,,0,0
S01107,SNS広告,2026-07-21,0,0,0,,0,0
S01108,SNS広告,2026-08-06,1,0,0,,1,1
S01109,自然検索,2026-07-20,1,0,0,,0,0
S01110,SNS広告,2026-08-05,1,0,0,,0,0
S01111,SNS広告,2026-07-31,1,1,0,,0,0
S01112,SNS広告,2026-08-14,1,0,0,,0,0
S01113,SNS広告,2026-09-01,1,0,0,,0,0
S01114,SNS広告,2026-07-28,1,1,1,overwork,1,1
S01115,検索広告,2026-08-17,0,0,0,,0,0
S01116,自然検索,2026-08-16,1,0,0,,0,0
S01117,SNS広告,2026-07-11,1,0,0,,0,0
S01118,検索広告,2026-08-11,0,0,0,,0,0
S01119,紹介,2026-08-26,1,1,1,reset,0,0
S01120,SNS広告,2026-07-26,1,0,0,,0,0
S01121,自然検索,2026-07-31,0,0,0,,0,0
S01122,SNS広告,2026-08-29,1,0,0,,0,0
S01123,自然検索,2026-08-12,1,1,1,overwork,0,0
S01124,検索広告,2026-07-27,1,0,0,,0,0
S01125,自然検索,2026-08-16,1,1,1,reset,1,1
S01126,自然検索,2026-07-04,1,0,0,,0,0
S01127,自然検索,2026-07-16,1,1,1,reset,1,0
S01128,SNS広告,2026-08-02,1,0,0,,0,0
S01129,検索広告,2026-07-09,1,1,1,reset,0,0
S01130,SNS広告,2026-08-30,0,0,0,,0,0
S01131,SNS広告,2026-08-19,1,0,0,,0,0
S01132,SNS広告,2026-07-09,1,0,0,,0,0
S01133,検索広告,2026-08-02,1,0,0,,0,0
S01134,検索広告,2026-08-22,1,0,0,,1,1
S01135,紹介,2026-07-29,1,1,1,reset,0,0
S01136,SNS広告,2026-07-20,1,0,0,,1,1
S01137,SNS広告,2026-07-27,0,0,0,,0,0
S01138,SNS広告,2026-08-30,0,0,0,,0,0
S01139,自然検索,2026-08-30,1,0,0,,0,0
S01140,SNS広告,2026-08-08,0,0,0,,0,0
S01141,SNS広告,2026-09-01,0,0,0,,0,0
S01142,自然検索,2026-08-27,1,1,1,rest,0,0
S01143,検索広告,2026-07-25,0,0,0,,0,0
S01144,SNS広告,2026-08-06,1,1,1,rest,0,0
S01145,SNS広告,2026-08-27,0,0,0,,0,0
S01146,SNS広告,2026-07-11,1,0,0,,0,0
S01147,自然検索,2026-08-10,0,0,0,,0,0
S01148,検索広告,2026-07-11,0,0,0,,0,0
S01149,SNS広告,2026-07-27,1,0,0,,0,0
S01150,SNS広告,2026-07-26,0,0,0,,0,0
S01151,SNS広告,2026-08-07,1,1,1,reset,0,0
S01152,検索広告,2026-07-23,1,1,1,reset,0,0
S01153,検索広告,2026-08-18,0,0,0,,0,0
S01154,紹介,2026-08-17,0,0,0,,0,0
S01155,SNS広告,2026-07-11,1,0,0,,0,0
S01156,SNS広告,2026-08-20,0,0,0,,0,0
S01157,検索広告,2026-08-09,1,0,0,,0,0
S01158,自然検索,2026-07-19,1,0,0,,0,0
S01159,検索広告,2026-08-13,1,0,0,,0,0
S01160,SNS広告,2026-08-11,0,0,0,,0,0
S01161,自然検索,2026-07-09,1,0,0,,0,0
S01162,SNS広告,2026-08-20,0,0,0,,0,0
S01163,紹介,2026-08-18,1,0,0,,0,0
S01164,SNS広告,2026-07-10,1,0,0,,0,0
S01165,SNS広告,2026-08-16,1,0,0,,0,0
S01166,自然検索,2026-08-13,1,0,0,,0,0
S01167,SNS広告,2026-07-11,0,0,0,,0,0
S01168,自然検索,2026-08-13,0,0,0,,0,0
S01169,検索広告,2026-07-04,0,0,0,,0,0
S01170,SNS広告,2026-07-14,1,0,0,,0,0
S01171,SNS広告,2026-07-13,0,0,0,,0,0
S01172,自然検索,2026-08-19,1,1,1,overwork,1,1
S01173,SNS広告,2026-08-19,1,1,1,overwork,1,1
S01174,紹介,2026-07-18,1,0,0,,1,0
S01175,自然検索,2026-07-14,1,0,0,,0,0
S01176,SNS広告,2026-08-19,1,0,0,,0,0
S01177,SNS広告,2026-08-20,0,0,0,,0,0
S01178,自然検索,2026-08-18,1,1,1,overwork,0,0
S01179,SNS広告,2026-08-24,0,0,0,,0,0
S01180,SNS広告,2026-08-07,1,1,1,overwork,1,1
S01181,SNS広告,2026-08-02,1,0,0,,0,0
S01182,SNS広告,2026-07-26,1,0,0,,0,0
S01183,SNS広告,2026-08-29,1,0,0,,0,0
S01184,検索広告,2026-08-21,1,0,0,,0,0
S01185,自然検索,2026-08-25,1,1,0,,0,0
S01186,自然検索,2026-08-16,1,0,0,,0,0
S01187,SNS広告,2026-08-21,1,1,1,rest,0,0
S01188,SNS広告,2026-07-07,1,0,0,,0,0
S01189,SNS広告,2026-08-10,0,0,0,,0,0
S01190,紹介,2026-08-24,0,0,0,,0,0
S01191,SNS広告,2026-07-24,0,0,0,,0,0
S01192,SNS広告,2026-07-05,1,0,0,,0,0
S01193,自然検索,2026-07-16,0,0,0,,0,0
S01194,SNS広告,2026-07-25,0,0,0,,0,0
S01195,SNS広告,2026-08-10,1,0,0,,0,0
S01196,検索広告,2026-08-08,1,1,0,,0,0
S01197,SNS広告,2026-08-14,1,0,0,,0,0
S01198,自然検索,2026-07-15,1,0,0,,0,0
S01199,SNS広告,2026-07-15,1,0,0,,0,0
S01200,SNS広告,2026-08-03,0,0,0,,0,0
S01201,SNS広告,2026-07-12,1,0,0,,1,1
S01202,検索広告,2026-07-24,0,0,0,,0,0
S01203,SNS広告,2026-07-22,0,0,0,,0,0
S01204,自然検索,2026-08-16,1,1,1,rest,0,0
S01205,自然検索,2026-08-18,1,1,1,overwork,0,0
S01206,紹介,2026-08-19,1,0,0,,0,0
S01207,SNS広告,2026-07-09,0,0,0,,0,0
S01208,SNS広告,2026-07-15,1,1,1,rest,1,1
S01209,SNS広告,2026-07-10,1,0,0,,0,0
S01210,紹介,2026-07-14,1,1,0,,0,0
S01211,自然検索,2026-07-15,0,0,0,,0,0
S01212,SNS広告,2026-08-06,0,0,0,,0,0
S01213,検索広告,2026-07-18,0,0,0,,0,0
S01214,自然検索,2026-08-23,0,0,0,,0,0
S01215,紹介,2026-07-24,1,1,1,reset,0,0
S01216,検索広告,2026-08-30,1,0,0,,0,0
S01217,自然検索,2026-07-06,1,0,0,,0,0
S01218,自然検索,2026-07-11,1,1,1,reset,1,1
S01219,SNS広告,2026-08-23,0,0,0,,0,0
S01220,SNS広告,2026-07-17,1,1,0,,0,0
S01221,検索広告,2026-07-14,1,0,0,,0,0
S01222,SNS広告,2026-08-30,0,0,0,,0,0
S01223,SNS広告,2026-07-30,1,1,1,reset,0,0
S01224,紹介,2026-08-07,1,1,1,reset,0,0
S01225,検索広告,2026-07-26,1,0,0,,0,0
S01226,SNS広告,2026-07-10,0,0,0,,0,0
S01227,紹介,2026-07-20,1,0,0,,0,0
S01228,SNS広告,2026-08-20,0,0,0,,0,0
S01229,紹介,2026-07-30,0,0,0,,0,0
S01230,自然検索,2026-07-30,1,0,0,,0,0
S01231,SNS広告,2026-09-01,1,1,1,reset,0,0
S01232,SNS広告,2026-08-25,1,0,0,,0,0
S01233,SNS広告,2026-08-11,1,1,1,rest,1,1
S01234,自然検索,2026-08-22,0,0,0,,0,0
S01235,SNS広告,2026-08-18,1,1,0,,0,0
S01236,SNS広告,2026-07-23,0,0,0,,0,0
S01237,自然検索,2026-07-06,1,0,0,,0,0
S01238,検索広告,2026-08-05,0,0,0,,0,0
S01239,検索広告,2026-07-25,1,0,0,,0,0
S01240,検索広告,2026-07-18,1,0,0,,0,0
S01241,SNS広告,2026-07-23,0,0,0,,0,0
S01242,SNS広告,2026-07-24,0,0,0,,0,0
S01243,SNS広告,2026-09-01,1,0,0,,1,1
S01244,SNS広告,2026-07-11,0,0,0,,0,0
S01245,SNS広告,2026-08-23,0,0,0,,0,0
S01246,検索広告,2026-08-22,1,0,0,,0,0
S01247,検索広告,2026-08-02,1,0,0,,1,1
S01248,検索広告,2026-07-28,0,0,0,,0,0
S01249,SNS広告,2026-07-18,0,0,0,,0,0
S01250,SNS広告,2026-08-15,0,0,0,,0,0
S01251,自然検索,2026-07-07,1,1,1,rest,1,1
S01252,SNS広告,2026-07-26,1,1,0,,0,0
S01253,SNS広告,2026-07-13,1,0,0,,0,0
S01254,SNS広告,2026-08-04,1,1,1,overwork,1,0
S01255,紹介,2026-08-28,0,0,0,,0,0
S01256,SNS広告,2026-09-01,1,0,0,,0,0
S01257,SNS広告,2026-07-25,0,0,0,,0,0
S01258,SNS広告,2026-08-07,1,0,0,,0,0
S01259,検索広告,2026-08-06,0,0,0,,0,0
S01260,紹介,2026-08-13,1,0,0,,1,0
S01261,検索広告,2026-08-22,0,0,0,,0,0
S01262,SNS広告,2026-08-04,1,1,1,overwork,1,1
S01263,SNS広告,2026-08-17,0,0,0,,0,0
S01264,検索広告,2026-07-10,1,0,0,,1,0
S01265,紹介,2026-08-22,1,0,0,,1,1
S01266,SNS広告,2026-07-05,1,1,1,reset,1,0
S01267,自然検索,2026-07-12,0,0,0,,0,0
S01268,SNS広告,2026-08-09,0,0,0,,0,0
S01269,SNS広告,2026-07-17,0,0,0,,0,0
S01270,SNS広告,2026-07-29,1,1,1,reset,0,0
S01271,検索広告,2026-08-05,1,0,0,,0,0
S01272,紹介,2026-07-15,0,0,0,,0,0
S01273,検索広告,2026-07-14,0,0,0,,0,0
S01274,SNS広告,2026-08-20,1,0,0,,0,0
S01275,検索広告,2026-07-09,0,0,0,,0,0
S01276,SNS広告,2026-08-31,1,1,0,,1,1
S01277,SNS広告,2026-09-01,1,0,0,,0,0
S01278,SNS広告,2026-08-03,0,0,0,,0,0
S01279,SNS広告,2026-08-14,0,0,0,,0,0
S01280,SNS広告,2026-08-07,1,0,0,,0,0
S01281,SNS広告,2026-08-04,0,0,0,,0,0
S01282,SNS広告,2026-08-04,0,0,0,,0,0
S01283,SNS広告,2026-07-09,0,0,0,,0,0
S01284,SNS広告,2026-07-08,1,0,0,,0,0
S01285,自然検索,2026-08-12,0,0,0,,0,0
S01286,自然検索,2026-08-15,1,0,0,,0,0
S01287,SNS広告,2026-07-24,1,1,1,rest,1,0
S01288,検索広告,2026-08-21,0,0,0,,0,0
S01289,自然検索,2026-08-08,1,0,0,,0,0
S01290,SNS広告,2026-07-20,1,1,1,reset,1,0
S01291,検索広告,2026-09-01,0,0,0,,0,0
S01292,SNS広告,2026-07-17,0,0,0,,0,0
S01293,検索広告,2026-07-19,1,0,0,,1,1
S01294,紹介,2026-08-09,1,1,1,reset,0,0
S01295,SNS広告,2026-08-18,0,0,0,,0,0
S01296,紹介,2026-07-31,0,0,0,,0,0
S01297,検索広告,2026-08-15,1,1,1,reset,1,0
S01298,自然検索,2026-07-14,1,1,1,rest,0,0
S01299,検索広告,2026-07-28,0,0,0,,0,0
S01300,自然検索,2026-08-14,1,0,0,,0,0
S01301,SNS広告,2026-07-15,1,0,0,,0,0
S01302,検索広告,2026-07-27,1,0,0,,1,1
S01303,SNS広告,2026-08-25,0,0,0,,0,0
S01304,SNS広告,2026-08-08,0,0,0,,0,0
S01305,検索広告,2026-08-03,1,1,1,rest,0,0
S01306,SNS広告,2026-07-07,0,0,0,,0,0
S01307,SNS広告,2026-08-13,0,0,0,,0,0
S01308,自然検索,2026-08-06,1,1,1,overwork,0,0
S01309,自然検索,2026-07-05,1,0,0,,0,0
S01310,検索広告,2026-08-07,1,0,0,,0,0
S01311,SNS広告,2026-07-14,1,0,0,,0,0
S01312,検索広告,2026-08-27,1,0,0,,0,0
S01313,SNS広告,2026-08-09,1,0,0,,0,0
S01314,検索広告,2026-08-21,0,0,0,,0,0
S01315,検索広告,2026-07-10,0,0,0,,0,0
S01316,検索広告,2026-07-30,1,0,0,,0,0
S01317,SNS広告,2026-08-19,0,0,0,,0,0
S01318,SNS広告,2026-08-27,0,0,0,,0,0
S01319,検索広告,2026-08-07,0,0,0,,0,0
S01320,SNS広告,2026-08-27,0,0,0,,0,0
S01321,検索広告,2026-08-03,0,0,0,,0,0
S01322,SNS広告,2026-07-20,0,0,0,,0,0
S01323,SNS広告,2026-08-14,0,0,0,,0,0
S01324,SNS広告,2026-08-22,0,0,0,,0,0
S01325,検索広告,2026-08-11,0,0,0,,0,0
S01326,自然検索,2026-08-23,1,0,0,,0,0
S01327,自然検索,2026-07-13,1,1,0,,0,0
S01328,SNS広告,2026-08-27,1,0,0,,0,0
S01329,自然検索,2026-07-19,0,0,0,,0,0
S01330,SNS広告,2026-08-12,0,0,0,,0,0
S01331,検索広告,2026-07-20,1,1,0,,0,0
S01332,SNS広告,2026-07-17,1,1,1,overwork,1,1
S01333,SNS広告,2026-08-24,1,1,1,rest,0,0
S01334,SNS広告,2026-07-18,0,0,0,,0,0
S01335,SNS広告,2026-07-07,0,0,0,,0,0
S01336,検索広告,2026-07-29,0,0,0,,0,0
S01337,検索広告,2026-07-25,0,0,0,,0,0
S01338,検索広告,2026-08-13,1,0,0,,0,0
S01339,SNS広告,2026-08-22,0,0,0,,0,0
S01340,検索広告,2026-07-19,0,0,0,,0,0
S01341,SNS広告,2026-07-14,0,0,0,,0,0
S01342,検索広告,2026-08-20,1,0,0,,0,0
S01343,SNS広告,2026-08-26,1,0,0,,0,0
S01344,検索広告,2026-08-11,0,0,0,,0,0
S01345,SNS広告,2026-07-26,1,0,0,,1,1
S01346,SNS広告,2026-08-11,0,0,0,,0,0
S01347,SNS広告,2026-07-06,1,0,0,,1,0
S01348,SNS広告,2026-07-16,0,0,0,,0,0
S01349,SNS広告,2026-07-09,1,0,0,,0,0
S01350,検索広告,2026-07-28,1,0,0,,0,0
S01351,自然検索,2026-07-18,1,0,0,,0,0
S01352,SNS広告,2026-07-06,1,0,0,,0,0
S01353,SNS広告,2026-08-30,1,0,0,,0,0
S01354,検索広告,2026-07-29,0,0,0,,0,0
S01355,SNS広告,2026-08-21,0,0,0,,0,0
S01356,自然検索,2026-07-16,1,0,0,,0,0
S01357,SNS広告,2026-08-19,0,0,0,,0,0
S01358,SNS広告,2026-07-19,1,1,1,overwork,0,0
S01359,SNS広告,2026-08-13,0,0,0,,0,0
S01360,SNS広告,2026-07-24,1,1,0,,0,0
S01361,SNS広告,2026-07-23,0,0,0,,0,0
S01362,SNS広告,2026-07-09,1,0,0,,0,0
S01363,検索広告,2026-07-11,1,0,0,,0,0
S01364,紹介,2026-08-06,1,1,1,overwork,1,1
S01365,SNS広告,2026-07-22,1,0,0,,1,0
S01366,自然検索,2026-08-22,1,0,0,,0,0
S01367,SNS広告,2026-08-27,1,1,1,rest,1,0
S01368,検索広告,2026-07-21,1,0,0,,0,0
S01369,SNS広告,2026-07-09,1,1,1,overwork,1,1
S01370,SNS広告,2026-07-19,0,0,0,,0,0
S01371,自然検索,2026-08-01,0,0,0,,0,0
S01372,検索広告,2026-07-26,0,0,0,,0,0
S01373,SNS広告,2026-07-20,0,0,0,,0,0
S01374,SNS広告,2026-07-29,1,0,0,,0,0
S01375,自然検索,2026-08-11,1,0,0,,1,0
S01376,紹介,2026-07-12,1,1,0,,1,1
S01377,検索広告,2026-08-10,1,1,1,reset,1,1
S01378,自然検索,2026-07-09,1,0,0,,0,0
S01379,紹介,2026-07-16,1,0,0,,0,0
S01380,検索広告,2026-07-16,1,0,0,,0,0
S01381,検索広告,2026-07-13,1,1,1,rest,1,1
S01382,SNS広告,2026-07-04,1,1,1,rest,1,0
S01383,SNS広告,2026-07-04,1,0,0,,1,1
S01384,検索広告,2026-08-02,1,1,1,reset,0,0
S01385,自然検索,2026-08-10,1,1,1,reset,1,0
S01386,SNS広告,2026-07-20,0,0,0,,0,0
S01387,SNS広告,2026-07-05,1,0,0,,0,0
S01388,SNS広告,2026-07-26,1,1,1,reset,0,0
S01389,検索広告,2026-08-31,1,0,0,,0,0
S01390,SNS広告,2026-08-30,0,0,0,,0,0
S01391,自然検索,2026-08-05,1,1,1,rest,1,1
S01392,SNS広告,2026-07-16,1,0,0,,0,0
S01393,検索広告,2026-07-10,1,1,1,overwork,0,0
S01394,検索広告,2026-08-10,1,1,1,rest,1,0
S01395,SNS広告,2026-08-01,0,0,0,,0,0
S01396,SNS広告,2026-08-02,1,0,0,,0,0
S01397,SNS広告,2026-08-27,1,0,0,,1,1
S01398,検索広告,2026-09-01,1,0,0,,0,0
S01399,SNS広告,2026-08-01,1,1,0,,0,0
S01400,SNS広告,2026-08-02,1,1,1,rest,0,0
S01401,SNS広告,2026-07-12,1,1,1,reset,1,0
S01402,SNS広告,2026-08-22,0,0,0,,0,0
S01403,自然検索,2026-07-12,0,0,0,,0,0
S01404,自然検索,2026-08-16,0,0,0,,0,0
S01405,紹介,2026-07-31,1,1,0,,0,0
S01406,自然検索,2026-07-21,1,1,0,,1,1
S01407,検索広告,2026-08-24,1,0,0,,0,0
S01408,SNS広告,2026-07-07,1,1,1,rest,1,0
S01409,自然検索,2026-07-06,1,0,0,,0,0
S01410,検索広告,2026-07-05,1,0,0,,0,0
S01411,検索広告,2026-09-01,0,0,0,,0,0
S01412,検索広告,2026-07-25,0,0,0,,0,0
S01413,自然検索,2026-07-23,1,1,1,overwork,0,0
S01414,SNS広告,2026-07-11,0,0,0,,0,0
S01415,検索広告,2026-08-20,1,0,0,,0,0
S01416,SNS広告,2026-08-25,1,0,0,,0,0
S01417,SNS広告,2026-07-15,0,0,0,,0,0
S01418,SNS広告,2026-08-17,0,0,0,,0,0
S01419,SNS広告,2026-08-29,1,0,0,,1,1
S01420,SNS広告,2026-08-27,0,0,0,,0,0
S01421,SNS広告,2026-07-25,1,0,0,,0,0
S01422,SNS広告,2026-07-31,0,0,0,,0,0
S01423,自然検索,2026-07-19,1,1,1,reset,1,1
S01424,検索広告,2026-07-15,1,0,0,,0,0
S01425,検索広告,2026-09-01,1,0,0,,0,0
S01426,紹介,2026-07-08,1,1,0,,0,0
S01427,SNS広告,2026-07-11,1,0,0,,0,0
S01428,SNS広告,2026-07-08,0,0,0,,0,0
S01429,SNS広告,2026-07-17,1,0,0,,0,0
S01430,SNS広告,2026-08-09,0,0,0,,0,0
S01431,紹介,2026-08-18,0,0,0,,0,0
S01432,SNS広告,2026-07-09,0,0,0,,0,0
S01433,自然検索,2026-08-07,1,0,0,,1,0
S01434,自然検索,2026-08-03,1,0,0,,1,0
S01435,SNS広告,2026-07-22,1,0,0,,1,0
S01436,自然検索,2026-07-22,1,1,1,overwork,1,0
S01437,SNS広告,2026-07-22,0,0,0,,0,0
S01438,SNS広告,2026-07-26,1,1,1,rest,1,1
S01439,SNS広告,2026-08-02,1,0,0,,0,0
S01440,SNS広告,2026-07-17,1,0,0,,0,0
S01441,SNS広告,2026-08-09,0,0,0,,0,0
S01442,SNS広告,2026-08-17,1,1,1,reset,0,0
S01443,紹介,2026-07-09,0,0,0,,0,0
S01444,SNS広告,2026-07-13,1,1,0,,0,0
S01445,SNS広告,2026-07-20,1,0,0,,0,0
S01446,紹介,2026-08-22,1,1,1,rest,0,0
S01447,SNS広告,2026-08-30,1,1,1,rest,0,0
S01448,紹介,2026-07-08,1,1,1,reset,1,1
S01449,自然検索,2026-07-07,1,0,0,,0,0
S01450,検索広告,2026-08-16,1,0,0,,1,0
S01451,SNS広告,2026-07-26,1,0,0,,1,0
S01452,SNS広告,2026-08-31,0,0,0,,0,0
S01453,SNS広告,2026-08-09,0,0,0,,0,0
S01454,SNS広告,2026-07-21,0,0,0,,0,0
S01455,SNS広告,2026-08-11,1,0,0,,0,0
S01456,SNS広告,2026-07-15,0,0,0,,0,0
S01457,自然検索,2026-07-09,1,0,0,,1,1
S01458,SNS広告,2026-08-24,0,0,0,,0,0
S01459,紹介,2026-07-22,1,1,1,overwork,0,0
S01460,検索広告,2026-08-10,0,0,0,,0,0
S01461,SNS広告,2026-08-22,0,0,0,,0,0
S01462,検索広告,2026-08-12,1,1,1,reset,1,0
S01463,SNS広告,2026-08-04,0,0,0,,0,0
S01464,SNS広告,2026-07-10,0,0,0,,0,0
S01465,紹介,2026-07-18,1,0,0,,1,1
S01466,SNS広告,2026-09-01,0,0,0,,0,0
S01467,SNS広告,2026-08-29,1,1,0,,0,0
S01468,SNS広告,2026-07-04,0,0,0,,0,0
S01469,検索広告,2026-07-30,1,0,0,,0,0
S01470,SNS広告,2026-07-27,0,0,0,,0,0
S01471,SNS広告,2026-08-11,1,0,0,,0,0
S01472,検索広告,2026-07-14,1,0,0,,0,0
S01473,SNS広告,2026-07-30,0,0,0,,0,0
S01474,自然検索,2026-07-28,1,1,1,overwork,0,0
S01475,SNS広告,2026-08-18,0,0,0,,0,0
S01476,SNS広告,2026-07-17,1,0,0,,0,0
S01477,SNS広告,2026-08-20,1,0,0,,0,0
S01478,検索広告,2026-08-24,0,0,0,,0,0
S01479,紹介,2026-07-28,1,1,1,rest,1,0
S01480,自然検索,2026-07-14,1,0,0,,0,0
S01481,SNS広告,2026-08-15,0,0,0,,0,0
S01482,SNS広告,2026-08-14,0,0,0,,0,0
S01483,SNS広告,2026-08-24,1,1,1,rest,0,0
S01484,SNS広告,2026-07-27,1,0,0,,0,0
S01485,SNS広告,2026-07-17,1,1,1,rest,0,0
S01486,SNS広告,2026-08-25,1,0,0,,0,0
S01487,紹介,2026-07-31,1,0,0,,0,0
S01488,検索広告,2026-07-31,1,0,0,,0,0
S01489,自然検索,2026-08-26,1,0,0,,0,0
S01490,検索広告,2026-08-01,1,1,0,,0,0
S01491,SNS広告,2026-08-16,0,0,0,,0,0
S01492,SNS広告,2026-08-21,1,1,0,,1,0
S01493,SNS広告,2026-07-04,1,0,0,,0,0
S01494,SNS広告,2026-08-27,1,0,0,,0,0
S01495,SNS広告,2026-08-12,0,0,0,,0,0
S01496,自然検索,2026-07-26,1,0,0,,0,0
S01497,SNS広告,2026-08-08,1,0,0,,0,0
S01498,SNS広告,2026-08-31,0,0,0,,0,0
S01499,SNS広告,2026-07-12,1,1,1,overwork,0,0
S01500,検索広告,2026-08-18,0,0,0,,0,0
S01501,検索広告,2026-08-08,0,0,0,,0,0
S01502,検索広告,2026-07-09,0,0,0,,0,0
S01503,SNS広告,2026-07-05,0,0,0,,0,0
S01504,SNS広告,2026-07-09,0,0,0,,0,0
S01505,SNS広告,2026-08-08,1,0,0,,0,0
S01506,SNS広告,2026-07-19,1,1,0,,0,0
S01507,自然検索,2026-07-13,1,1,1,rest,0,0
S01508,紹介,2026-08-21,1,1,1,reset,0,0
S01509,検索広告,2026-07-05,0,0,0,,0,0
S01510,SNS広告,2026-08-26,0,0,0,,0,0
S01511,SNS広告,2026-07-24,1,0,0,,0,0
S01512,自然検索,2026-08-18,1,0,0,,0,0
S01513,自然検索,2026-08-20,1,1,0,,1,1
S01514,検索広告,2026-08-24,0,0,0,,0,0
S01515,SNS広告,2026-07-07,1,0,0,,1,1
S01516,SNS広告,2026-08-25,1,0,0,,0,0
S01517,検索広告,2026-07-09,1,0,0,,0,0
S01518,自然検索,2026-08-23,1,1,1,reset,1,1
S01519,SNS広告,2026-08-13,1,1,0,,0,0
S01520,SNS広告,2026-08-20,1,0,0,,1,1
S01521,SNS広告,2026-07-04,1,1,0,,0,0
S01522,SNS広告,2026-08-27,1,0,0,,0,0
S01523,自然検索,2026-07-12,1,1,1,rest,1,1
S01524,検索広告,2026-08-14,1,1,0,,0,0
S01525,紹介,2026-07-06,1,1,1,overwork,1,1
S01526,SNS広告,2026-07-18,0,0,0,,0,0
S01527,SNS広告,2026-08-17,0,0,0,,0,0
S01528,自然検索,2026-08-02,1,0,0,,0,0
S01529,検索広告,2026-08-23,1,0,0,,1,1
S01530,SNS広告,2026-08-08,1,1,1,overwork,0,0
S01531,SNS広告,2026-08-31,1,1,1,rest,1,1
S01532,検索広告,2026-07-23,1,1,0,,0,0
S01533,検索広告,2026-07-28,0,0,0,,0,0
S01534,SNS広告,2026-08-16,0,0,0,,0,0
S01535,SNS広告,2026-09-01,1,1,1,rest,0,0
S01536,紹介,2026-07-07,1,1,0,,0,0
S01537,SNS広告,2026-08-25,0,0,0,,0,0
S01538,検索広告,2026-08-13,0,0,0,,0,0
S01539,SNS広告,2026-08-31,1,0,0,,0,0
S01540,SNS広告,2026-08-10,0,0,0,,0,0
S01541,SNS広告,2026-08-08,0,0,0,,0,0
S01542,SNS広告,2026-07-31,1,1,1,reset,0,0
S01543,SNS広告,2026-08-13,1,1,0,,1,1
S01544,SNS広告,2026-08-18,1,0,0,,0,0
S01545,SNS広告,2026-07-16,1,0,0,,0,0
S01546,SNS広告,2026-08-16,0,0,0,,0,0
S01547,SNS広告,2026-08-13,0,0,0,,0,0
S01548,自然検索,2026-08-03,1,0,0,,0,0
S01549,SNS広告,2026-08-16,1,0,0,,0,0
S01550,SNS広告,2026-07-20,1,0,0,,1,1
S01551,自然検索,2026-08-27,1,1,0,,0,0
S01552,SNS広告,2026-08-13,1,0,0,,1,1
S01553,SNS広告,2026-08-07,0,0,0,,0,0
S01554,SNS広告,2026-08-17,1,0,0,,0,0
S01555,SNS広告,2026-07-13,1,1,1,reset,1,1
S01556,SNS広告,2026-08-11,1,0,0,,1,0
S01557,自然検索,2026-08-07,0,0,0,,0,0
S01558,自然検索,2026-08-04,1,0,0,,0,0
S01559,SNS広告,2026-07-14,1,0,0,,0,0
S01560,SNS広告,2026-08-19,0,0,0,,0,0
S01561,自然検索,2026-07-14,1,0,0,,0,0
S01562,SNS広告,2026-07-07,1,0,0,,0,0
S01563,検索広告,2026-08-17,1,0,0,,0,0
S01564,自然検索,2026-08-22,1,0,0,,0,0
S01565,自然検索,2026-07-16,1,0,0,,0,0
S01566,自然検索,2026-08-14,1,0,0,,1,1
S01567,SNS広告,2026-08-19,1,1,1,reset,0,0
S01568,自然検索,2026-08-28,0,0,0,,0,0
S01569,SNS広告,2026-07-27,1,0,0,,1,0
S01570,SNS広告,2026-07-07,1,0,0,,0,0
S01571,SNS広告,2026-07-11,1,0,0,,0,0
S01572,SNS広告,2026-07-28,1,0,0,,0,0
S01573,自然検索,2026-08-06,1,0,0,,0,0
S01574,自然検索,2026-07-05,1,1,1,reset,1,1
S01575,SNS広告,2026-07-24,1,0,0,,0,0
S01576,SNS広告,2026-07-06,1,1,1,overwork,1,1
S01577,SNS広告,2026-07-22,1,0,0,,0,0
S01578,SNS広告,2026-07-22,0,0,0,,0,0
S01579,紹介,2026-07-21,1,1,1,overwork,0,0
S01580,紹介,2026-08-25,1,1,1,rest,0,0
S01581,紹介,2026-08-17,1,0,0,,0,0
S01582,検索広告,2026-08-29,0,0,0,,0,0
S01583,検索広告,2026-07-08,1,1,1,overwork,0,0
S01584,SNS広告,2026-07-04,0,0,0,,0,0
S01585,SNS広告,2026-07-27,1,0,0,,0,0
S01586,SNS広告,2026-08-23,1,1,1,reset,0,0
S01587,自然検索,2026-08-25,1,0,0,,0,0
S01588,SNS広告,2026-08-06,1,1,1,overwork,1,0
S01589,SNS広告,2026-08-09,0,0,0,,0,0
S01590,SNS広告,2026-08-21,1,1,1,reset,0,0
S01591,SNS広告,2026-08-27,0,0,0,,0,0
S01592,検索広告,2026-07-25,0,0,0,,0,0
S01593,SNS広告,2026-07-16,0,0,0,,0,0
S01594,SNS広告,2026-08-29,1,0,0,,1,0
S01595,自然検索,2026-08-14,1,1,0,,0,0
S01596,自然検索,2026-08-14,1,0,0,,1,0
S01597,検索広告,2026-07-31,1,1,1,rest,1,1
S01598,検索広告,2026-07-27,0,0,0,,0,0
S01599,SNS広告,2026-08-08,0,0,0,,0,0
S01600,自然検索,2026-07-12,1,0,0,,0,0
S01601,自然検索,2026-08-09,1,0,0,,0,0
S01602,SNS広告,2026-08-14,0,0,0,,0,0
S01603,SNS広告,2026-07-17,0,0,0,,0,0
S01604,SNS広告,2026-07-13,1,0,0,,0,0
S01605,SNS広告,2026-07-11,1,1,1,overwork,0,0
S01606,SNS広告,2026-08-22,1,1,0,,0,0
S01607,SNS広告,2026-08-21,1,1,1,rest,1,1
S01608,SNS広告,2026-08-05,1,1,1,overwork,0,0
S01609,SNS広告,2026-07-05,0,0,0,,0,0
S01610,SNS広告,2026-07-26,1,1,1,reset,1,0
S01611,SNS広告,2026-07-26,1,0,0,,1,1
S01612,SNS広告,2026-08-13,1,0,0,,1,1
S01613,SNS広告,2026-07-04,1,1,0,,0,0
S01614,検索広告,2026-08-22,0,0,0,,0,0
S01615,SNS広告,2026-07-30,0,0,0,,0,0
S01616,SNS広告,2026-07-23,0,0,0,,0,0
S01617,自然検索,2026-07-15,1,0,0,,1,0
S01618,SNS広告,2026-07-15,1,0,0,,0,0
S01619,SNS広告,2026-08-09,1,1,1,overwork,1,1
S01620,検索広告,2026-08-16,1,0,0,,0,0
S01621,自然検索,2026-07-05,0,0,0,,0,0
S01622,自然検索,2026-07-30,1,0,0,,0,0
S01623,自然検索,2026-08-16,1,1,1,overwork,0,0
S01624,検索広告,2026-08-24,1,0,0,,0,0
S01625,検索広告,2026-07-15,1,0,0,,0,0
S01626,SNS広告,2026-07-13,1,0,0,,0,0
S01627,検索広告,2026-07-29,1,0,0,,0,0
S01628,SNS広告,2026-08-09,0,0,0,,0,0
S01629,SNS広告,2026-07-24,1,0,0,,0,0
S01630,SNS広告,2026-07-05,0,0,0,,0,0
S01631,SNS広告,2026-07-29,1,0,0,,0,0
S01632,SNS広告,2026-07-16,1,1,1,overwork,1,1
S01633,検索広告,2026-07-11,1,1,1,overwork,0,0
S01634,検索広告,2026-07-18,0,0,0,,0,0
S01635,自然検索,2026-08-03,1,0,0,,0,0
S01636,SNS広告,2026-08-22,1,1,1,reset,1,1
S01637,検索広告,2026-07-22,1,0,0,,1,0
S01638,自然検索,2026-07-14,1,0,0,,0,0
S01639,SNS広告,2026-07-06,1,1,1,rest,1,1
S01640,SNS広告,2026-08-23,0,0,0,,0,0
S01641,SNS広告,2026-08-26,0,0,0,,0,0
S01642,SNS広告,2026-07-25,1,1,1,reset,1,1
S01643,SNS広告,2026-07-14,0,0,0,,0,0
S01644,SNS広告,2026-08-28,1,0,0,,0,0
S01645,SNS広告,2026-07-27,0,0,0,,0,0
S01646,検索広告,2026-08-17,1,0,0,,0,0
S01647,SNS広告,2026-07-04,1,1,1,rest,1,1
S01648,検索広告,2026-08-11,1,0,0,,0,0
S01649,SNS広告,2026-08-28,1,0,0,,1,0
S01650,検索広告,2026-07-17,0,0,0,,0,0
S01651,検索広告,2026-08-14,1,0,0,,0,0
S01652,検索広告,2026-08-07,1,0,0,,1,1
S01653,SNS広告,2026-08-25,1,0,0,,0,0
S01654,紹介,2026-08-13,1,0,0,,0,0
S01655,検索広告,2026-08-25,1,1,1,rest,1,0
S01656,SNS広告,2026-08-17,1,1,1,reset,0,0
S01657,SNS広告,2026-07-29,1,0,0,,0,0
S01658,SNS広告,2026-08-15,0,0,0,,0,0
S01659,SNS広告,2026-07-23,1,0,0,,1,0
S01660,SNS広告,2026-07-09,1,0,0,,0,0
S01661,SNS広告,2026-07-29,0,0,0,,0,0
S01662,SNS広告,2026-08-31,1,1,1,reset,0,0
S01663,自然検索,2026-07-06,1,0,0,,0,0
S01664,SNS広告,2026-08-21,0,0,0,,0,0
S01665,SNS広告,2026-08-12,0,0,0,,0,0
S01666,SNS広告,2026-08-01,1,0,0,,0,0
S01667,SNS広告,2026-07-26,0,0,0,,0,0
S01668,SNS広告,2026-08-12,1,1,0,,0,0
S01669,紹介,2026-08-06,1,0,0,,0,0
S01670,SNS広告,2026-07-26,0,0,0,,0,0
S01671,SNS広告,2026-08-05,0,0,0,,0,0
S01672,SNS広告,2026-08-15,0,0,0,,0,0
S01673,SNS広告,2026-08-08,1,0,0,,1,0
S01674,自然検索,2026-08-09,1,0,0,,1,0
S01675,紹介,2026-08-15,1,0,0,,0,0
S01676,SNS広告,2026-07-27,1,1,0,,0,0
S01677,SNS広告,2026-08-02,0,0,0,,0,0
S01678,SNS広告,2026-08-08,1,0,0,,0,0
S01679,SNS広告,2026-07-21,0,0,0,,0,0
S01680,検索広告,2026-07-15,0,0,0,,0,0
S01681,自然検索,2026-07-25,1,1,0,,0,0
S01682,自然検索,2026-08-12,0,0,0,,0,0
S01683,検索広告,2026-07-07,1,0,0,,0,0
S01684,SNS広告,2026-08-26,0,0,0,,0,0
S01685,SNS広告,2026-07-15,1,0,0,,0,0
S01686,SNS広告,2026-08-07,1,0,0,,0,0
S01687,検索広告,2026-08-09,0,0,0,,0,0
S01688,SNS広告,2026-07-13,1,1,0,,0,0
S01689,SNS広告,2026-07-24,0,0,0,,0,0
S01690,自然検索,2026-07-05,0,0,0,,0,0
S01691,SNS広告,2026-07-11,0,0,0,,0,0
S01692,SNS広告,2026-08-26,1,0,0,,0,0
S01693,SNS広告,2026-08-02,1,1,1,rest,0,0
S01694,紹介,2026-07-17,1,1,0,,0,0
S01695,SNS広告,2026-08-28,1,0,0,,0,0
S01696,SNS広告,2026-07-31,1,1,0,,0,0
S01697,SNS広告,2026-07-04,0,0,0,,0,0
S01698,検索広告,2026-08-18,0,0,0,,0,0
S01699,SNS広告,2026-08-25,1,0,0,,1,1
S01700,自然検索,2026-08-15,0,0,0,,0,0
S01701,SNS広告,2026-08-12,1,0,0,,0,0
S01702,検索広告,2026-08-15,0,0,0,,0,0
S01703,SNS広告,2026-08-07,0,0,0,,0,0
S01704,自然検索,2026-07-13,0,0,0,,0,0
S01705,SNS広告,2026-08-01,0,0,0,,0,0
S01706,検索広告,2026-07-28,0,0,0,,0,0
S01707,自然検索,2026-08-26,0,0,0,,0,0
S01708,SNS広告,2026-08-29,1,1,1,rest,1,1
S01709,SNS広告,2026-07-06,1,0,0,,1,1
S01710,検索広告,2026-08-12,1,0,0,,1,1
S01711,SNS広告,2026-07-07,0,0,0,,0,0
S01712,SNS広告,2026-08-12,1,1,1,rest,1,1
S01713,自然検索,2026-07-25,0,0,0,,0,0
S01714,SNS広告,2026-07-24,1,0,0,,1,0
S01715,SNS広告,2026-08-27,0,0,0,,0,0
S01716,SNS広告,2026-08-28,0,0,0,,0,0
S01717,SNS広告,2026-08-06,1,1,0,,1,1
S01718,SNS広告,2026-08-25,1,0,0,,0,0
S01719,SNS広告,2026-08-15,0,0,0,,0,0
S01720,SNS広告,2026-08-21,1,0,0,,0,0
S01721,SNS広告,2026-08-14,0,0,0,,0,0
S01722,SNS広告,2026-08-05,1,0,0,,0,0
S01723,自然検索,2026-08-14,1,1,1,rest,1,1
S01724,SNS広告,2026-08-12,0,0,0,,0,0
S01725,SNS広告,2026-08-03,0,0,0,,0,0
S01726,SNS広告,2026-07-23,0,0,0,,0,0
S01727,SNS広告,2026-08-30,1,1,1,reset,0,0
S01728,SNS広告,2026-07-04,0,0,0,,0,0
S01729,SNS広告,2026-08-07,0,0,0,,0,0
S01730,SNS広告,2026-07-08,0,0,0,,0,0
S01731,検索広告,2026-09-01,1,0,0,,1,0
S01732,紹介,2026-08-29,1,0,0,,1,0
S01733,自然検索,2026-08-27,1,0,0,,0,0
S01734,SNS広告,2026-07-09,1,0,0,,0,0
S01735,SNS広告,2026-08-08,1,1,1,rest,1,1
S01736,SNS広告,2026-07-13,1,0,0,,0,0
S01737,SNS広告,2026-07-22,1,1,0,,0,0
S01738,紹介,2026-08-27,0,0,0,,0,0
S01739,SNS広告,2026-08-11,1,0,0,,0,0
S01740,SNS広告,2026-08-13,1,1,0,,1,1
S01741,検索広告,2026-08-05,0,0,0,,0,0
S01742,検索広告,2026-07-18,0,0,0,,0,0
S01743,SNS広告,2026-08-27,0,0,0,,0,0
S01744,紹介,2026-07-08,1,1,1,rest,1,0
S01745,SNS広告,2026-08-04,1,0,0,,0,0
S01746,検索広告,2026-08-11,0,0,0,,0,0
S01747,SNS広告,2026-07-22,1,0,0,,0,0
S01748,自然検索,2026-08-16,1,0,0,,0,0
S01749,SNS広告,2026-07-21,0,0,0,,0,0
S01750,SNS広告,2026-08-08,1,0,0,,0,0
S01751,自然検索,2026-08-04,1,1,0,,0,0
S01752,紹介,2026-08-21,1,1,1,rest,1,1
S01753,自然検索,2026-08-20,0,0,0,,0,0
S01754,自然検索,2026-07-12,1,1,1,reset,0,0
S01755,SNS広告,2026-07-29,0,0,0,,0,0
S01756,SNS広告,2026-08-07,1,0,0,,0,0
S01757,SNS広告,2026-07-17,1,0,0,,0,0
S01758,SNS広告,2026-07-09,1,0,0,,0,0
S01759,紹介,2026-08-23,1,1,0,,1,0
S01760,SNS広告,2026-07-04,0,0,0,,0,0
S01761,SNS広告,2026-09-01,1,1,1,rest,1,1
S01762,SNS広告,2026-07-27,0,0,0,,0,0
S01763,SNS広告,2026-08-17,0,0,0,,0,0
S01764,SNS広告,2026-08-17,1,0,0,,0,0
S01765,SNS広告,2026-08-03,1,1,0,,0,0
S01766,自然検索,2026-07-27,1,1,1,rest,1,0
S01767,検索広告,2026-08-06,1,0,0,,0,0
S01768,SNS広告,2026-07-21,0,0,0,,0,0
S01769,自然検索,2026-07-06,1,0,0,,0,0
S01770,自然検索,2026-08-22,0,0,0,,0,0
S01771,SNS広告,2026-08-18,1,1,1,overwork,0,0
S01772,自然検索,2026-07-27,1,0,0,,0,0
S01773,自然検索,2026-08-08,1,1,1,reset,1,1
S01774,検索広告,2026-08-14,0,0,0,,0,0
S01775,SNS広告,2026-08-02,1,0,0,,1,0
S01776,自然検索,2026-07-22,1,0,0,,0,0
S01777,紹介,2026-07-09,1,1,1,overwork,0,0
S01778,SNS広告,2026-07-07,1,1,1,rest,1,1
S01779,SNS広告,2026-07-14,0,0,0,,0,0
S01780,自然検索,2026-08-12,1,1,0,,0,0
S01781,検索広告,2026-07-10,0,0,0,,0,0
S01782,SNS広告,2026-07-21,1,1,1,rest,0,0
S01783,検索広告,2026-08-22,1,0,0,,0,0
S01784,SNS広告,2026-07-06,0,0,0,,0,0
S01785,自然検索,2026-08-18,1,0,0,,0,0
S01786,SNS広告,2026-07-23,1,0,0,,0,0
S01787,SNS広告,2026-07-22,0,0,0,,0,0
S01788,SNS広告,2026-07-09,1,0,0,,0,0
S01789,SNS広告,2026-07-24,0,0,0,,0,0
S01790,紹介,2026-07-05,1,0,0,,0,0
S01791,SNS広告,2026-08-29,1,1,1,reset,1,0
S01792,SNS広告,2026-08-30,1,0,0,,0,0
S01793,紹介,2026-08-21,1,0,0,,0,0
S01794,SNS広告,2026-07-29,1,0,0,,0,0
S01795,SNS広告,2026-08-07,1,0,0,,1,1
S01796,自然検索,2026-08-28,1,0,0,,0,0
S01797,SNS広告,2026-08-20,1,0,0,,0,0
S01798,自然検索,2026-07-29,1,0,0,,0,0
S01799,自然検索,2026-08-08,1,1,1,rest,1,1
S01800,SNS広告,2026-07-18,0,0,0,,0,0
S01801,検索広告,2026-08-04,1,0,0,,0,0
S01802,検索広告,2026-07-11,1,0,0,,0,0
S01803,検索広告,2026-07-18,0,0,0,,0,0
S01804,SNS広告,2026-08-03,0,0,0,,0,0
S01805,SNS広告,2026-08-11,0,0,0,,0,0
S01806,SNS広告,2026-08-20,0,0,0,,0,0
S01807,SNS広告,2026-08-15,1,0,0,,1,1
S01808,SNS広告,2026-08-11,0,0,0,,0,0
S01809,自然検索,2026-08-11,1,0,0,,0,0
S01810,自然検索,2026-08-22,1,0,0,,0,0
S01811,SNS広告,2026-08-04,0,0,0,,0,0
S01812,検索広告,2026-08-26,0,0,0,,0,0
S01813,SNS広告,2026-07-11,1,1,1,overwork,1,0
S01814,SNS広告,2026-07-30,1,0,0,,0,0
S01815,SNS広告,2026-08-27,0,0,0,,0,0
S01816,紹介,2026-08-13,1,0,0,,0,0
S01817,SNS広告,2026-08-17,1,0,0,,0,0
S01818,検索広告,2026-08-23,1,1,1,rest,1,1
S01819,紹介,2026-08-04,1,0,0,,0,0
S01820,SNS広告,2026-08-22,0,0,0,,0,0
S01821,自然検索,2026-08-23,1,0,0,,0,0
S01822,SNS広告,2026-07-21,0,0,0,,0,0
S01823,検索広告,2026-08-07,1,1,0,,0,0
S01824,自然検索,2026-07-23,1,0,0,,1,1
S01825,自然検索,2026-08-04,1,0,0,,0,0
S01826,紹介,2026-08-02,0,0,0,,0,0
S01827,検索広告,2026-08-14,0,0,0,,0,0
S01828,紹介,2026-08-07,1,0,0,,0,0
S01829,SNS広告,2026-08-04,1,1,1,overwork,0,0
S01830,SNS広告,2026-08-12,1,0,0,,1,0
S01831,SNS広告,2026-07-14,1,1,1,reset,0,0
S01832,SNS広告,2026-08-18,1,1,1,overwork,1,0
S01833,SNS広告,2026-08-19,0,0,0,,0,0
S01834,検索広告,2026-08-12,1,0,0,,0,0
S01835,自然検索,2026-07-16,0,0,0,,0,0
S01836,SNS広告,2026-07-13,0,0,0,,0,0
S01837,紹介,2026-07-30,1,1,1,rest,0,0
S01838,SNS広告,2026-08-11,1,0,0,,1,1
S01839,SNS広告,2026-07-25,1,0,0,,0,0
S01840,自然検索,2026-07-14,1,0,0,,0,0
S01841,自然検索,2026-08-18,1,0,0,,1,1
S01842,検索広告,2026-07-23,0,0,0,,0,0
S01843,SNS広告,2026-07-21,0,0,0,,0,0
S01844,SNS広告,2026-08-09,1,1,0,,0,0
S01845,自然検索,2026-08-24,1,1,1,overwork,1,1
S01846,SNS広告,2026-07-27,0,0,0,,0,0
S01847,自然検索,2026-08-20,1,0,0,,1,1
S01848,自然検索,2026-08-10,1,0,0,,0,0
S01849,SNS広告,2026-07-31,0,0,0,,0,0
S01850,自然検索,2026-07-06,0,0,0,,0,0
S01851,SNS広告,2026-08-24,0,0,0,,0,0
S01852,検索広告,2026-08-28,1,1,0,,0,0
S01853,検索広告,2026-07-31,0,0,0,,0,0
S01854,SNS広告,2026-07-07,1,1,1,reset,0,0
S01855,SNS広告,2026-08-30,1,0,0,,1,1
S01856,検索広告,2026-07-25,1,1,1,reset,0,0
S01857,SNS広告,2026-08-31,1,0,0,,0,0
S01858,SNS広告,2026-07-30,1,1,1,rest,0,0
S01859,紹介,2026-08-25,1,1,1,rest,0,0
S01860,紹介,2026-07-24,1,1,1,overwork,0,0
S01861,SNS広告,2026-08-11,0,0,0,,0,0
S01862,紹介,2026-07-24,1,0,0,,0,0
S01863,SNS広告,2026-08-17,1,0,0,,0,0
S01864,SNS広告,2026-08-28,0,0,0,,0,0
S01865,自然検索,2026-08-22,1,0,0,,0,0
S01866,SNS広告,2026-08-16,1,0,0,,1,0
S01867,検索広告,2026-08-23,0,0,0,,0,0
S01868,自然検索,2026-08-21,1,1,1,overwork,0,0
S01869,SNS広告,2026-07-31,1,0,0,,0,0
S01870,SNS広告,2026-08-06,1,1,1,reset,0,0
S01871,自然検索,2026-07-14,1,1,0,,0,0
S01872,検索広告,2026-08-03,1,0,0,,0,0
S01873,自然検索,2026-07-31,0,0,0,,0,0
S01874,SNS広告,2026-07-21,0,0,0,,0,0
S01875,自然検索,2026-07-12,0,0,0,,0,0
S01876,自然検索,2026-07-28,1,1,1,overwork,0,0
S01877,SNS広告,2026-08-30,1,0,0,,0,0
S01878,SNS広告,2026-08-05,1,0,0,,0,0
S01879,SNS広告,2026-08-31,1,0,0,,0,0
S01880,SNS広告,2026-07-27,1,0,0,,0,0
S01881,SNS広告,2026-08-29,1,0,0,,0,0
S01882,SNS広告,2026-07-31,1,1,1,reset,1,1
S01883,SNS広告,2026-08-24,1,0,0,,1,0
S01884,自然検索,2026-07-12,1,0,0,,1,0
S01885,SNS広告,2026-08-27,0,0,0,,0,0
S01886,検索広告,2026-07-24,0,0,0,,0,0
S01887,SNS広告,2026-07-21,1,1,1,reset,0,0
S01888,SNS広告,2026-08-16,0,0,0,,0,0
S01889,自然検索,2026-07-28,1,1,1,reset,1,0
S01890,SNS広告,2026-08-13,1,1,1,reset,0,0
S01891,検索広告,2026-08-17,1,0,0,,0,0
S01892,SNS広告,2026-08-17,0,0,0,,0,0
S01893,検索広告,2026-09-01,0,0,0,,0,0
S01894,自然検索,2026-07-23,0,0,0,,0,0
S01895,SNS広告,2026-08-28,1,0,0,,0,0
S01896,SNS広告,2026-08-21,0,0,0,,0,0
S01897,検索広告,2026-08-27,1,0,0,,0,0
S01898,SNS広告,2026-07-15,0,0,0,,0,0
S01899,紹介,2026-08-01,0,0,0,,0,0
S01900,SNS広告,2026-08-04,0,0,0,,0,0
S01901,SNS広告,2026-07-29,1,0,0,,0,0
S01902,自然検索,2026-07-15,1,0,0,,1,1
S01903,自然検索,2026-07-26,1,0,0,,0,0
S01904,検索広告,2026-08-02,0,0,0,,0,0
S01905,自然検索,2026-08-14,0,0,0,,0,0
S01906,SNS広告,2026-08-01,0,0,0,,0,0
S01907,SNS広告,2026-07-04,1,1,1,rest,1,1
S01908,検索広告,2026-07-29,0,0,0,,0,0
S01909,自然検索,2026-08-04,1,0,0,,0,0
S01910,検索広告,2026-07-10,0,0,0,,0,0
S01911,検索広告,2026-08-29,0,0,0,,0,0
S01912,SNS広告,2026-08-29,1,0,0,,0,0
S01913,検索広告,2026-07-16,1,0,0,,0,0
S01914,検索広告,2026-07-07,0,0,0,,0,0
S01915,自然検索,2026-08-29,1,0,0,,0,0
S01916,自然検索,2026-08-31,1,0,0,,0,0
S01917,検索広告,2026-09-01,1,1,0,,0,0
S01918,自然検索,2026-07-29,0,0,0,,0,0
S01919,SNS広告,2026-08-24,1,0,0,,0,0
S01920,自然検索,2026-07-30,1,0,0,,0,0
S01921,SNS広告,2026-07-24,0,0,0,,0,0
S01922,自然検索,2026-09-01,1,0,0,,0,0
S01923,SNS広告,2026-07-11,0,0,0,,0,0
S01924,SNS広告,2026-08-17,1,1,1,overwork,0,0
S01925,自然検索,2026-07-30,1,0,0,,1,0
S01926,SNS広告,2026-08-11,1,0,0,,0,0
S01927,SNS広告,2026-08-12,1,0,0,,1,0
S01928,SNS広告,2026-08-08,0,0,0,,0,0
S01929,自然検索,2026-09-01,0,0,0,,0,0
S01930,SNS広告,2026-08-07,1,1,1,reset,1,1
S01931,自然検索,2026-08-17,1,0,0,,0,0
S01932,SNS広告,2026-08-11,1,1,1,reset,1,1
S01933,SNS広告,2026-08-23,0,0,0,,0,0
S01934,検索広告,2026-08-12,0,0,0,,0,0
S01935,検索広告,2026-07-22,1,0,0,,1,1
S01936,自然検索,2026-07-04,1,0,0,,0,0
S01937,自然検索,2026-08-21,1,1,1,rest,0,0
S01938,SNS広告,2026-07-11,1,0,0,,0,0
S01939,検索広告,2026-07-27,1,0,0,,0,0
S01940,検索広告,2026-08-26,1,0,0,,0,0
S01941,SNS広告,2026-09-01,1,0,0,,0,0
S01942,自然検索,2026-07-10,0,0,0,,0,0
S01943,自然検索,2026-08-18,0,0,0,,0,0
S01944,SNS広告,2026-08-26,0,0,0,,0,0
S01945,自然検索,2026-07-24,0,0,0,,0,0
S01946,SNS広告,2026-07-21,1,0,0,,0,0
S01947,SNS広告,2026-07-10,1,0,0,,0,0
S01948,自然検索,2026-08-02,1,1,1,overwork,1,1
S01949,SNS広告,2026-08-14,1,1,1,rest,1,1
S01950,検索広告,2026-08-13,1,0,0,,0,0
S01951,SNS広告,2026-08-20,1,0,0,,0,0
S01952,SNS広告,2026-07-25,1,0,0,,1,0
S01953,自然検索,2026-07-07,1,1,0,,0,0
S01954,検索広告,2026-08-27,0,0,0,,0,0
S01955,SNS広告,2026-08-09,0,0,0,,0,0
S01956,SNS広告,2026-08-11,1,1,1,reset,1,1
S01957,自然検索,2026-08-28,1,1,1,reset,0,0
S01958,自然検索,2026-07-28,1,0,0,,0,0
S01959,自然検索,2026-07-05,0,0,0,,0,0
S01960,SNS広告,2026-08-16,1,1,1,rest,1,1
S01961,SNS広告,2026-07-20,0,0,0,,0,0
S01962,SNS広告,2026-07-09,0,0,0,,0,0
S01963,SNS広告,2026-08-16,0,0,0,,0,0
S01964,SNS広告,2026-07-08,0,0,0,,0,0
S01965,SNS広告,2026-07-19,1,0,0,,1,0
S01966,SNS広告,2026-07-25,1,1,0,,0,0
S01967,SNS広告,2026-08-21,0,0,0,,0,0
S01968,SNS広告,2026-08-16,1,0,0,,0,0
S01969,SNS広告,2026-08-26,1,1,1,overwork,0,0
S01970,検索広告,2026-07-10,1,0,0,,0,0
S01971,検索広告,2026-07-15,1,1,0,,0,0
S01972,紹介,2026-08-27,1,0,0,,0,0
S01973,自然検索,2026-08-01,0,0,0,,0,0
S01974,検索広告,2026-08-20,0,0,0,,0,0
S01975,自然検索,2026-07-18,0,0,0,,0,0
S01976,SNS広告,2026-07-29,1,0,0,,1,1
S01977,自然検索,2026-07-07,1,1,1,rest,1,1
S01978,SNS広告,2026-07-20,0,0,0,,0,0
S01979,SNS広告,2026-08-26,1,1,0,,0,0
S01980,紹介,2026-08-10,1,0,0,,0,0
S01981,検索広告,2026-07-29,1,1,1,rest,1,0
S01982,SNS広告,2026-07-09,0,0,0,,0,0
S01983,自然検索,2026-08-10,0,0,0,,0,0
S01984,SNS広告,2026-08-21,1,1,1,rest,1,0
S01985,自然検索,2026-08-16,1,1,1,reset,1,0
S01986,SNS広告,2026-08-18,1,1,0,,1,0
S01987,SNS広告,2026-08-23,1,0,0,,1,1
S01988,SNS広告,2026-08-12,0,0,0,,0,0
S01989,SNS広告,2026-08-18,1,0,0,,0,0
S01990,紹介,2026-08-02,0,0,0,,0,0
S01991,SNS広告,2026-07-10,1,0,0,,1,1
S01992,SNS広告,2026-07-06,1,1,1,reset,1,1
S01993,検索広告,2026-08-23,0,0,0,,0,0
S01994,検索広告,2026-07-29,1,0,0,,0,0
S01995,自然検索,2026-07-23,1,1,0,,0,0
S01996,SNS広告,2026-08-23,1,0,0,,0,0
S01997,SNS広告,2026-08-01,1,1,0,,0,0
S01998,自然検索,2026-08-20,0,0,0,,0,0
S01999,SNS広告,2026-08-11,0,0,0,,0,0
S02000,SNS広告,2026-08-13,1,0,0,,0,0
